DN_ID,WHOLE_SEQ,SIGNAL_SEQ,ACCEPTOR_NAME,ACCEPTOR_SEQ,FLUORESCENT_NAME,FLUORESCENT_SEQ,LOCATION,LIGHT_CONDITION
DN0001,FLYVLIPAGIYWYWWKEPEPAPAPKPEPKPMNGAIGGDLLLNFPDMSVLERQRAHLKYLNPTFDSPLAGFFADSSMITGGEMDSYLSTAGLNLPMMYGETTVEGDSRLSISPETTLGTGNFKAAKFDTETKDCNEAAKKMTMNRDDLVEEGEEEKSKITEQNNGSTKSIKKMKHKAKKEENNFSNDSSKVTKELEKTDYIHARDPPVATMVSKGEEDNMAIIKEFMRFKVHMEGSVNGHEFEIEGEGEGRPYEGTQTAKLKVTKGGPLPFADILSPQFMYGSKAYVKHPADIPDYLKLSFPEGFKERVMNFEDGGVVTVTQDSSLQDGEFIYKVKLRGTNFPSDGPVMQKKTMGEASSERMYPEDGALKGEIKQRLKLKDGGHYDAEVKTTYKAKKPVQLPGAYNVNIKLDITSHNEDYTIVEQYERAEGRHSTGGMDELYK,FLYVLIPAGIYWYWWKEPEPAPAPKPEPKPARDPPVATMVSKGEEDNMAIIKEFMRFKVHMEGSVNGHEFEIEGEGEGRPYEGTQTAKLKVTKGGPLPFADILSPQFMYGSKAYVKHPADIPDYLKLSFPEGFKERVMNFEDGGVVTVTQDSSLQDGEFIYKVKLRGTNFPSDGPVMQKKTMGEASSERMYPEDGALKGEIKQRLKLKDGGHYDAEVKTTYKAKKPVQLPGAYNVNIKLDITSHNEDYTIVEQYERAEGRHSTGGMDELYK,CIBN,MNGAIGGDLLLNFPDMSVLERQRAHLKYLNPTFDSPLAGFFADSSMITGGEMDSYLSTAGLNLPMMYGETTVEGDSRLSISPETTLGTGNFKAAKFDTETKDCNEAAKKMTMNRDDLVEEGEEEKSKITEQNNGSTKSIKKMKHKAKKEENNFSNDSSKVTKELEKTDYIH,mCherry,ARDPPVATMVSKGEEDNMAIIKEFMRFKVHMEGSVNGHEFEIEGEGEGRPYEGTQTAKLKVTKGGPLPFADILSPQFMYGSKAYVKHPADIPDYLKLSFPEGFKERVMNFEDGGVVTVTQDSSLQDGEFIYKVKLRGTNFPSDGPVMQKKTMGEASSERMYPEDGALKGEIKQRLKLKDGGHYDAEVKTTYKAKKPVQLPGAYNVNIKLDITSHNEDYTIVEQYERAEGRHSTGGMDELYK,TM,blue
DN0002,MRLAVVVTLLVHCFLVTCSPGLIWNYLYVTVAGMLAWTASSVGKNMQAVTELHSRLIAAQQAMERDYWRLRELETRYRLVFDAAADAVMNGAIGGDLLLNFPDMSVLERQRAHLKYLNPTFDSPLAGFFADSSMITGGEMDSYLSTAGLNLPMMYGETTVEGDSRLSISPETTLGTGNFKAAKFDTETKDCNEAAKKMTMNRDDLVEEGEEEKSKITEQNNGSTKSIKKMKHKAKKEENNFSNDSSKVTKELEKTDYIHARDPPVATMVSKGEEDNMAIIKEFMRFKVHMEGSVNGHEFEIEGEGEGRPYEGTQTAKLKVTKGGPLPFADILSPQFMYGSKAYVKHPADIPDYLKLSFPEGFKERVMNFEDGGVVTVTQDSSLQDGEFIYKVKLRGTNFPSDGPVMQKKTMGEASSERMYPEDGALKGEIKQRLKLKDGGHYDAEVKTTYKAKKPVQLPGAYNVNIKLDITSHNEDYTIVEQYERAEGRHSTGGMDELYK,MRLAVVVTLLVHCFLVTCSPGLIWNYLYVTVAGMLAWTASSVGKNMQAVTELHSRLIAAQQAMERDYWRLRELETRYRLVFDAAADAVARDPPVATMVSKGEEDNMAIIKEFMRFKVHMEGSVNGHEFEIEGEGEGRPYEGTQTAKLKVTKGGPLPFADILSPQFMYGSKAYVKHPADIPDYLKLSFPEGFKERVMNFEDGGVVTVTQDSSLQDGEFIYKVKLRGTNFPSDGPVMQKKTMGEASSERMYPEDGALKGEIKQRLKLKDGGHYDAEVKTTYKAKKPVQLPGAYNVNIKLDITSHNEDYTIVEQYERAEGRHSTGGMDELYK,CIBN,MNGAIGGDLLLNFPDMSVLERQRAHLKYLNPTFDSPLAGFFADSSMITGGEMDSYLSTAGLNLPMMYGETTVEGDSRLSISPETTLGTGNFKAAKFDTETKDCNEAAKKMTMNRDDLVEEGEEEKSKITEQNNGSTKSIKKMKHKAKKEENNFSNDSSKVTKELEKTDYIH,mCherry,ARDPPVATMVSKGEEDNMAIIKEFMRFKVHMEGSVNGHEFEIEGEGEGRPYEGTQTAKLKVTKGGPLPFADILSPQFMYGSKAYVKHPADIPDYLKLSFPEGFKERVMNFEDGGVVTVTQDSSLQDGEFIYKVKLRGTNFPSDGPVMQKKTMGEASSERMYPEDGALKGEIKQRLKLKDGGHYDAEVKTTYKAKKPVQLPGAYNVNIKLDITSHNEDYTIVEQYERAEGRHSTGGMDELYK,SP_TM,blue
DN0003,MAPSVTLPLTTAILAIARLVAAGKNMQAVTELHSRLIAAQQAMERDYWRLRELETRYRLVFDAAADAVMNGAIGGDLLLNFPDMSVLERQRAHLKYLNPTFDSPLAGFFADSSMITGGEMDSYLSTAGLNLPMMYGETTVEGDSRLSISPETTLGTGNFKAAKFDTETKDCNEAAKKMTMNRDDLVEEGEEEKSKITEQNNGSTKSIKKMKHKAKKEENNFSNDSSKVTKELEKTDYIHARDPPVATMVSKGEEDNMAIIKEFMRFKVHMEGSVNGHEFEIEGEGEGRPYEGTQTAKLKVTKGGPLPFADILSPQFMYGSKAYVKHPADIPDYLKLSFPEGFKERVMNFEDGGVVTVTQDSSLQDGEFIYKVKLRGTNFPSDGPVMQKKTMGEASSERMYPEDGALKGEIKQRLKLKDGGHYDAEVKTTYKAKKPVQLPGAYNVNIKLDITSHNEDYTIVEQYERAEGRHSTGGMDELYK,MAPSVTLPLTTAILAIARLVAAGKNMQAVTELHSRLIAAQQAMERDYWRLRELETRYRLVFDAAADAVARDPPVATMVSKGEEDNMAIIKEFMRFKVHMEGSVNGHEFEIEGEGEGRPYEGTQTAKLKVTKGGPLPFADILSPQFMYGSKAYVKHPADIPDYLKLSFPEGFKERVMNFEDGGVVTVTQDSSLQDGEFIYKVKLRGTNFPSDGPVMQKKTMGEASSERMYPEDGALKGEIKQRLKLKDGGHYDAEVKTTYKAKKPVQLPGAYNVNIKLDITSHNEDYTIVEQYERAEGRHSTGGMDELYK,CIBN,MNGAIGGDLLLNFPDMSVLERQRAHLKYLNPTFDSPLAGFFADSSMITGGEMDSYLSTAGLNLPMMYGETTVEGDSRLSISPETTLGTGNFKAAKFDTETKDCNEAAKKMTMNRDDLVEEGEEEKSKITEQNNGSTKSIKKMKHKAKKEENNFSNDSSKVTKELEKTDYIH,mCherry,ARDPPVATMVSKGEEDNMAIIKEFMRFKVHMEGSVNGHEFEIEGEGEGRPYEGTQTAKLKVTKGGPLPFADILSPQFMYGSKAYVKHPADIPDYLKLSFPEGFKERVMNFEDGGVVTVTQDSSLQDGEFIYKVKLRGTNFPSDGPVMQKKTMGEASSERMYPEDGALKGEIKQRLKLKDGGHYDAEVKTTYKAKKPVQLPGAYNVNIKLDITSHNEDYTIVEQYERAEGRHSTGGMDELYK,SP,blue
DN0004,MSRISILAVAAALVASATADSTVTKTQASTVETTITSCSNNVCSTVTKPVSSKAQSTATSVTSSASRVIDVTTNGANKFNNGVFGAAAIAGAAALLLKPKPKPKPKPKPKPKPMNGAIGGDLLLNFPDMSVLERQRAHLKYLNPTFDSPLAGFFADSSMITGGEMDSYLSTAGLNLPMMYGETTVEGDSRLSISPETTLGTGNFKAAKFDTETKDCNEAAKKMTMNRDDLVEEGEEEKSKITEQNNGSTKSIKKMKHKAKKEENNFSNDSSKVTKELEKTDYIHARDPPVATMVSKGEEDNMAIIKEFMRFKVHMEGSVNGHEFEIEGEGEGRPYEGTQTAKLKVTKGGPLPFADILSPQFMYGSKAYVKHPADIPDYLKLSFPEGFKERVMNFEDGGVVTVTQDSSLQDGEFIYKVKLRGTNFPSDGPVMQKKTMGEASSERMYPEDGALKGEIKQRLKLKDGGHYDAEVKTTYKAKKPVQLPGAYNVNIKLDITSHNEDYTIVEQYERAEGRHSTGGMDELYK,MSRISILAVAAALVASATADSTVTKTQASTVETTITSCSNNVCSTVTKPVSSKAQSTATSVTSSASRVIDVTTNGANKFNNGVFGAAAIAGAAALLLKPKPKPKPKPKPKPKPARDPPVATMVSKGEEDNMAIIKEFMRFKVHMEGSVNGHEFEIEGEGEGRPYEGTQTAKLKVTKGGPLPFADILSPQFMYGSKAYVKHPADIPDYLKLSFPEGFKERVMNFEDGGVVTVTQDSSLQDGEFIYKVKLRGTNFPSDGPVMQKKTMGEASSERMYPEDGALKGEIKQRLKLKDGGHYDAEVKTTYKAKKPVQLPGAYNVNIKLDITSHNEDYTIVEQYERAEGRHSTGGMDELYK,CIBN,MNGAIGGDLLLNFPDMSVLERQRAHLKYLNPTFDSPLAGFFADSSMITGGEMDSYLSTAGLNLPMMYGETTVEGDSRLSISPETTLGTGNFKAAKFDTETKDCNEAAKKMTMNRDDLVEEGEEEKSKITEQNNGSTKSIKKMKHKAKKEENNFSNDSSKVTKELEKTDYIH,mCherry,ARDPPVATMVSKGEEDNMAIIKEFMRFKVHMEGSVNGHEFEIEGEGEGRPYEGTQTAKLKVTKGGPLPFADILSPQFMYGSKAYVKHPADIPDYLKLSFPEGFKERVMNFEDGGVVTVTQDSSLQDGEFIYKVKLRGTNFPSDGPVMQKKTMGEASSERMYPEDGALKGEIKQRLKLKDGGHYDAEVKTTYKAKKPVQLPGAYNVNIKLDITSHNEDYTIVEQYERAEGRHSTGGMDELYK,SP_GPI,blue
DN0005,HRLGGGGSGGGGSGGGGSMNGAIGGDLLLNFPDMSVLERQRAHLKYLNPTFDSPLAGFFADSSMITGGEMDSYLSTAGLNLPMMYGETTVEGDSRLSISPETTLGTGNFKAAKFDTETKDCNEAAKKMTMNRDDLVEEGEEEKSKITEQNNGSTKSIKKMKHKAKKEENNFSNDSSKVTKELEKTDYIHARDPPVATMVSKGEEDNMAIIKEFMRFKVHMEGSVNGHEFEIEGEGEGRPYEGTQTAKLKVTKGGPLPFADILSPQFMYGSKAYVKHPADIPDYLKLSFPEGFKERVMNFEDGGVVTVTQDSSLQDGEFIYKVKLRGTNFPSDGPVMQKKTMGEASSERMYPEDGALKGEIKQRLKLKDGGHYDAEVKTTYKAKKPVQLPGAYNVNIKLDITSHNEDYTIVEQYERAEGRHSTGGMDELYK,HRLGGGGSGGGGSGGGGSARDPPVATMVSKGEEDNMAIIKEFMRFKVHMEGSVNGHEFEIEGEGEGRPYEGTQTAKLKVTKGGPLPFADILSPQFMYGSKAYVKHPADIPDYLKLSFPEGFKERVMNFEDGGVVTVTQDSSLQDGEFIYKVKLRGTNFPSDGPVMQKKTMGEASSERMYPEDGALKGEIKQRLKLKDGGHYDAEVKTTYKAKKPVQLPGAYNVNIKLDITSHNEDYTIVEQYERAEGRHSTGGMDELYK,CIBN,MNGAIGGDLLLNFPDMSVLERQRAHLKYLNPTFDSPLAGFFADSSMITGGEMDSYLSTAGLNLPMMYGETTVEGDSRLSISPETTLGTGNFKAAKFDTETKDCNEAAKKMTMNRDDLVEEGEEEKSKITEQNNGSTKSIKKMKHKAKKEENNFSNDSSKVTKELEKTDYIH,mCherry,ARDPPVATMVSKGEEDNMAIIKEFMRFKVHMEGSVNGHEFEIEGEGEGRPYEGTQTAKLKVTKGGPLPFADILSPQFMYGSKAYVKHPADIPDYLKLSFPEGFKERVMNFEDGGVVTVTQDSSLQDGEFIYKVKLRGTNFPSDGPVMQKKTMGEASSERMYPEDGALKGEIKQRLKLKDGGHYDAEVKTTYKAKKPVQLPGAYNVNIKLDITSHNEDYTIVEQYERAEGRHSTGGMDELYK,PTS,blue
DN0006,MSRRRHSYENDGGQPHKRRKMNGAIGGDLLLNFPDMSVLERQRAHLKYLNPTFDSPLAGFFADSSMITGGEMDSYLSTAGLNLPMMYGETTVEGDSRLSISPETTLGTGNFKAAKFDTETKDCNEAAKKMTMNRDDLVEEGEEEKSKITEQNNGSTKSIKKMKHKAKKEENNFSNDSSKVTKELEKTDYIHARDPPVATMVSKGEEDNMAIIKEFMRFKVHMEGSVNGHEFEIEGEGEGRPYEGTQTAKLKVTKGGPLPFADILSPQFMYGSKAYVKHPADIPDYLKLSFPEGFKERVMNFEDGGVVTVTQDSSLQDGEFIYKVKLRGTNFPSDGPVMQKKTMGEASSERMYPEDGALKGEIKQRLKLKDGGHYDAEVKTTYKAKKPVQLPGAYNVNIKLDITSHNEDYTIVEQYERAEGRHSTGGMDELYK,MSRRRHSYENDGGQPHKRRK,CIBN,MNGAIGGDLLLNFPDMSVLERQRAHLKYLNPTFDSPLAGFFADSSMITGGEMDSYLSTAGLNLPMMYGETTVEGDSRLSISPETTLGTGNFKAAKFDTETKDCNEAAKKMTMNRDDLVEEGEEEKSKITEQNNGSTKSIKKMKHKAKKEENNFSNDSSKVTKELEKTDYIH,mCherry,ARDPPVATMVSKGEEDNMAIIKEFMRFKVHMEGSVNGHEFEIEGEGEGRPYEGTQTAKLKVTKGGPLPFADILSPQFMYGSKAYVKHPADIPDYLKLSFPEGFKERVMNFEDGGVVTVTQDSSLQDGEFIYKVKLRGTNFPSDGPVMQKKTMGEASSERMYPEDGALKGEIKQRLKLKDGGHYDAEVKTTYKAKKPVQLPGAYNVNIKLDITSHNEDYTIVEQYERAEGRHSTGGMDELYK,NLS,blue
DN0007,MSTAEFAQLLENSILSPDQNIRLTSETQLKKLSNDNFLQFAGLSSQVLIDENTKLEGRILAALTLKNELVSKDSVKTQKPKPKPKPKPKPKPKPMNGAIGGDLLLNFPDMSVLERQRAHLKYLNPTFDSPLAGFFADSSMITGGEMDSYLSTAGLNLPMMYGETTVEGDSRLSISPETTLGTGNFKAAKFDTETKDCNEAAKKMTMNRDDLVEEGEEEKSKITEQNNGSTKSIKKMKHKAKKEENNFSNDSSKVTKELEKTDYIHARDPPVATMVSKGEEDNMAIIKEFMRFKVHMEGSVNGHEFEIEGEGEGRPYEGTQTAKLKVTKGGPLPFADILSPQFMYGSKAYVKHPADIPDYLKLSFPEGFKERVMNFEDGGVVTVTQDSSLQDGEFIYKVKLRGTNFPSDGPVMQKKTMGEASSERMYPEDGALKGEIKQRLKLKDGGHYDAEVKTTYKAKKPVQLPGAYNVNIKLDITSHNEDYTIVEQYERAEGRHSTGGMDELYK,MSTAEFAQLLENSILSPDQNIRLTSETQLKKLSNDNFLQFAGLSSQVLIDENTKLEGRILAALTLKNELVSKDSVKTQKPKPKPKPKPKPKPKPARDPPVATMVSKGEEDNMAIIKEFMRFKVHMEGSVNGHEFEIEGEGEGRPYEGTQTAKLKVTKGGPLPFADILSPQFMYGSKAYVKHPADIPDYLKLSFPEGFKERVMNFEDGGVVTVTQDSSLQDGEFIYKVKLRGTNFPSDGPVMQKKTMGEASSERMYPEDGALKGEIKQRLKLKDGGHYDAEVKTTYKAKKPVQLPGAYNVNIKLDITSHNEDYTIVEQYERAEGRHSTGGMDELYK,CIBN,MNGAIGGDLLLNFPDMSVLERQRAHLKYLNPTFDSPLAGFFADSSMITGGEMDSYLSTAGLNLPMMYGETTVEGDSRLSISPETTLGTGNFKAAKFDTETKDCNEAAKKMTMNRDDLVEEGEEEKSKITEQNNGSTKSIKKMKHKAKKEENNFSNDSSKVTKELEKTDYIH,mCherry,ARDPPVATMVSKGEEDNMAIIKEFMRFKVHMEGSVNGHEFEIEGEGEGRPYEGTQTAKLKVTKGGPLPFADILSPQFMYGSKAYVKHPADIPDYLKLSFPEGFKERVMNFEDGGVVTVTQDSSLQDGEFIYKVKLRGTNFPSDGPVMQKKTMGEASSERMYPEDGALKGEIKQRLKLKDGGHYDAEVKTTYKAKKPVQLPGAYNVNIKLDITSHNEDYTIVEQYERAEGRHSTGGMDELYK,NES,blue
DN0008,METNFSFDSNLIVIIIITLFATRIIAKRFLSTPKMMNGAIGGDLLLNFPDMSVLERQRAHLKYLNPTFDSPLAGFFADSSMITGGEMDSYLSTAGLNLPMMYGETTVEGDSRLSISPETTLGTGNFKAAKFDTETKDCNEAAKKMTMNRDDLVEEGEEEKSKITEQNNGSTKSIKKMKHKAKKEENNFSNDSSKVTKELEKTDYIHARDPPVATMVSKGEEDNMAIIKEFMRFKVHMEGSVNGHEFEIEGEGEGRPYEGTQTAKLKVTKGGPLPFADILSPQFMYGSKAYVKHPADIPDYLKLSFPEGFKERVMNFEDGGVVTVTQDSSLQDGEFIYKVKLRGTNFPSDGPVMQKKTMGEASSERMYPEDGALKGEIKQRLKLKDGGHYDAEVKTTYKAKKPVQLPGAYNVNIKLDITSHNEDYTIVEQYERAEGRHSTGGMDELYK,METNFSFDSNLIVIIIITLFATRIIAKRFLSTPKM,CIBN,MNGAIGGDLLLNFPDMSVLERQRAHLKYLNPTFDSPLAGFFADSSMITGGEMDSYLSTAGLNLPMMYGETTVEGDSRLSISPETTLGTGNFKAAKFDTETKDCNEAAKKMTMNRDDLVEEGEEEKSKITEQNNGSTKSIKKMKHKAKKEENNFSNDSSKVTKELEKTDYIH,mCherry,ARDPPVATMVSKGEEDNMAIIKEFMRFKVHMEGSVNGHEFEIEGEGEGRPYEGTQTAKLKVTKGGPLPFADILSPQFMYGSKAYVKHPADIPDYLKLSFPEGFKERVMNFEDGGVVTVTQDSSLQDGEFIYKVKLRGTNFPSDGPVMQKKTMGEASSERMYPEDGALKGEIKQRLKLKDGGHYDAEVKTTYKAKKPVQLPGAYNVNIKLDITSHNEDYTIVEQYERAEGRHSTGGMDELYK,MT,blue
DN0009,KSSSGSSSKPESSTKVVSTIKSTYTTTSGSTVETLTTTYKSTVNGKVASVMSNSTNGAFAGTHIAYGAGAFAVGALLLGGGGSGGGGSGGGGSMNGAIGGDLLLNFPDMSVLERQRAHLKYLNPTFDSPLAGFFADSSMITGGEMDSYLSTAGLNLPMMYGETTVEGDSRLSISPETTLGTGNFKAAKFDTETKDCNEAAKKMTMNRDDLVEEGEEEKSKITEQNNGSTKSIKKMKHKAKKEENNFSNDSSKVTKELEKTDYIHARDPPVATMVSKGEEDNMAIIKEFMRFKVHMEGSVNGHEFEIEGEGEGRPYEGTQTAKLKVTKGGPLPFADILSPQFMYGSKAYVKHPADIPDYLKLSFPEGFKERVMNFEDGGVVTVTQDSSLQDGEFIYKVKLRGTNFPSDGPVMQKKTMGEASSERMYPEDGALKGEIKQRLKLKDGGHYDAEVKTTYKAKKPVQLPGAYNVNIKLDITSHNEDYTIVEQYERAEGRHSTGGMDELYK,KSSSGSSSKPESSTKVVSTIKSTYTTTSGSTVETLTTTYKSTVNGKVASVMSNSTNGAFAGTHIAYGAGAFAVGALLLGGGGSGGGGSGGGGSARDPPVATMVSKGEEDNMAIIKEFMRFKVHMEGSVNGHEFEIEGEGEGRPYEGTQTAKLKVTKGGPLPFADILSPQFMYGSKAYVKHPADIPDYLKLSFPEGFKERVMNFEDGGVVTVTQDSSLQDGEFIYKVKLRGTNFPSDGPVMQKKTMGEASSERMYPEDGALKGEIKQRLKLKDGGHYDAEVKTTYKAKKPVQLPGAYNVNIKLDITSHNEDYTIVEQYERAEGRHSTGGMDELYK,CIBN,MNGAIGGDLLLNFPDMSVLERQRAHLKYLNPTFDSPLAGFFADSSMITGGEMDSYLSTAGLNLPMMYGETTVEGDSRLSISPETTLGTGNFKAAKFDTETKDCNEAAKKMTMNRDDLVEEGEEEKSKITEQNNGSTKSIKKMKHKAKKEENNFSNDSSKVTKELEKTDYIH,mCherry,ARDPPVATMVSKGEEDNMAIIKEFMRFKVHMEGSVNGHEFEIEGEGEGRPYEGTQTAKLKVTKGGPLPFADILSPQFMYGSKAYVKHPADIPDYLKLSFPEGFKERVMNFEDGGVVTVTQDSSLQDGEFIYKVKLRGTNFPSDGPVMQKKTMGEASSERMYPEDGALKGEIKQRLKLKDGGHYDAEVKTTYKAKKPVQLPGAYNVNIKLDITSHNEDYTIVEQYERAEGRHSTGGMDELYK,GPI,blue
DN0010,TTKLMNGTSWIEALMEKPFMNGAIGGDLLLNFPDMSVLERQRAHLKYLNPTFDSPLAGFFADSSMITGGEMDSYLSTAGLNLPMMYGETTVEGDSRLSISPETTLGTGNFKAAKFDTETKDCNEAAKKMTMNRDDLVEEGEEEKSKITEQNNGSTKSIKKMKHKAKKEENNFSNDSSKVTKELEKTDYIHARDPPVATMVSKGEEDNMAIIKEFMRFKVHMEGSVNGHEFEIEGEGEGRPYEGTQTAKLKVTKGGPLPFADILSPQFMYGSKAYVKHPADIPDYLKLSFPEGFKERVMNFEDGGVVTVTQDSSLQDGEFIYKVKLRGTNFPSDGPVMQKKTMGEASSERMYPEDGALKGEIKQRLKLKDGGHYDAEVKTTYKAKKPVQLPGAYNVNIKLDITSHNEDYTIVEQYERAEGRHSTGGMDELYK,TTKLMNGTSWIEALMEKPF,CIBN,MNGAIGGDLLLNFPDMSVLERQRAHLKYLNPTFDSPLAGFFADSSMITGGEMDSYLSTAGLNLPMMYGETTVEGDSRLSISPETTLGTGNFKAAKFDTETKDCNEAAKKMTMNRDDLVEEGEEEKSKITEQNNGSTKSIKKMKHKAKKEENNFSNDSSKVTKELEKTDYIH,mCherry,ARDPPVATMVSKGEEDNMAIIKEFMRFKVHMEGSVNGHEFEIEGEGEGRPYEGTQTAKLKVTKGGPLPFADILSPQFMYGSKAYVKHPADIPDYLKLSFPEGFKERVMNFEDGGVVTVTQDSSLQDGEFIYKVKLRGTNFPSDGPVMQKKTMGEASSERMYPEDGALKGEIKQRLKLKDGGHYDAEVKTTYKAKKPVQLPGAYNVNIKLDITSHNEDYTIVEQYERAEGRHSTGGMDELYK,LYS,blue
DN0011,LMGGVSAAVAKTAASPIERVGGGGGGGGMVSGVGGSGGGRGGGRGGEEEPSSSHTPNNRRGGEQAQSSGTKSLRPRSNTESMSKAIQQYTVDARLHAVFEQSGESGKSFDYSQSLKTTTYGSSVPEQQITAYLSRIQRGGYIQPFGCMIAVDESSFRIIGYSENAREMLGIMPQSVPTLEKPEILAMGTDVRSLFTSSSSILLERAFVAREITLLNPVWIHSKNTGKPFYAILHRIDVGVVIDLEPARTEDPALSIAGAVQSQKLAVRAISQLQALPGGDIKLLCDTVVESVRDLTGYDRVMVYKFHEDEHGEVVAESKRDDLEPYIGLHYPATDIPQASRFLFKQNRVRMIVDCNATPVLVVQDDRLTQSMCLVGSTLRAPHGCHSQYMANMGSIASLAMAVIINGNEDDGSNVASGRSSMRLWGLVVCHHTSSRCIPFPLRYACEFLMQAFGLQLNMELQLALQMSEKRVLRTQTLMSELIKENMHMKLYMEGTVDNHHFKCTSEGEGKPYEGTQTMRIKVVEGGPLPFAFDILATSFLYGSKTFINHTQGIPDFFKQSFPEGFTWERVTTYEDGGVLTATQDTSLQDGCLIYNVKIRGVNFTSNGPVMQKKTLGWEAFTETLYPADGGLEGRNDMALKLVGGSHLIANAKTTYRSKKPAKNLKMPGVYYVDYRLERIKEANNETYVEQHEVAVARYCDLPSKLGHKLNGS,LMGGVSAAVAKTAASPIERVGGGGGGGG,PhyB,MVSGVGGSGGGRGGGRGGEEEPSSSHTPNNRRGGEQAQSSGTKSLRPRSNTESMSKAIQQYTVDARLHAVFEQSGESGKSFDYSQSLKTTTYGSSVPEQQITAYLSRIQRGGYIQPFGCMIAVDESSFRIIGYSENAREMLGIMPQSVPTLEKPEILAMGTDVRSLFTSSSSILLERAFVAREITLLNPVWIHSKNTGKPFYAILHRIDVGVVIDLEPARTEDPALSIAGAVQSQKLAVRAISQLQALPGGDIKLLCDTVVESVRDLTGYDRVMVYKFHEDEHGEVVAESKRDDLEPYIGLHYPATDIPQASRFLFKQNRVRMIVDCNATPVLVVQDDRLTQSMCLVGSTLRAPHGCHSQYMANMGSIASLAMAVIINGNEDDGSNVASGRSSMRLWGLVVCHHTSSRCIPFPLRYACEFLMQAFGLQLNMELQLALQMSEKRVLRTQTL,mTagBFP,MSELIKENMHMKLYMEGTVDNHHFKCTSEGEGKPYEGTQTMRIKVVEGGPLPFAFDILATSFLYGSKTFINHTQGIPDFFKQSFPEGFTWERVTTYEDGGVLTATQDTSLQDGCLIYNVKIRGVNFTSNGPVMQKKTLGWEAFTETLYPADGGLEGRNDMALKLVGGSHLIANAKTTYRSKKPAKNLKMPGVYYVDYRLERIKEANNETYVEQHEVAVARYCDLPSKLGHKLNGS,TM,red
DN0012,MRLAVVVTLLVHCFLVTCSPGLIWNYLYVTVAGMLAWTASSVMVSGVGGSGGGRGGGRGGEEEPSSSHTPNNRRGGEQAQSSGTKSLRPRSNTESMSKAIQQYTVDARLHAVFEQSGESGKSFDYSQSLKTTTYGSSVPEQQITAYLSRIQRGGYIQPFGCMIAVDESSFRIIGYSENAREMLGIMPQSVPTLEKPEILAMGTDVRSLFTSSSSILLERAFVAREITLLNPVWIHSKNTGKPFYAILHRIDVGVVIDLEPARTEDPALSIAGAVQSQKLAVRAISQLQALPGGDIKLLCDTVVESVRDLTGYDRVMVYKFHEDEHGEVVAESKRDDLEPYIGLHYPATDIPQASRFLFKQNRVRMIVDCNATPVLVVQDDRLTQSMCLVGSTLRAPHGCHSQYMANMGSIASLAMAVIINGNEDDGSNVASGRSSMRLWGLVVCHHTSSRCIPFPLRYACEFLMQAFGLQLNMELQLALQMSEKRVLRTQTLMSELIKENMHMKLYMEGTVDNHHFKCTSEGEGKPYEGTQTMRIKVVEGGPLPFAFDILATSFLYGSKTFINHTQGIPDFFKQSFPEGFTWERVTTYEDGGVLTATQDTSLQDGCLIYNVKIRGVNFTSNGPVMQKKTLGWEAFTETLYPADGGLEGRNDMALKLVGGSHLIANAKTTYRSKKPAKNLKMPGVYYVDYRLERIKEANNETYVEQHEVAVARYCDLPSKLGHKLNGS,MRLAVVVTLLVHCFLVTCSPGLIWNYLYVTVAGMLAWTASSV,PhyB,MVSGVGGSGGGRGGGRGGEEEPSSSHTPNNRRGGEQAQSSGTKSLRPRSNTESMSKAIQQYTVDARLHAVFEQSGESGKSFDYSQSLKTTTYGSSVPEQQITAYLSRIQRGGYIQPFGCMIAVDESSFRIIGYSENAREMLGIMPQSVPTLEKPEILAMGTDVRSLFTSSSSILLERAFVAREITLLNPVWIHSKNTGKPFYAILHRIDVGVVIDLEPARTEDPALSIAGAVQSQKLAVRAISQLQALPGGDIKLLCDTVVESVRDLTGYDRVMVYKFHEDEHGEVVAESKRDDLEPYIGLHYPATDIPQASRFLFKQNRVRMIVDCNATPVLVVQDDRLTQSMCLVGSTLRAPHGCHSQYMANMGSIASLAMAVIINGNEDDGSNVASGRSSMRLWGLVVCHHTSSRCIPFPLRYACEFLMQAFGLQLNMELQLALQMSEKRVLRTQTL,mTagBFP,MSELIKENMHMKLYMEGTVDNHHFKCTSEGEGKPYEGTQTMRIKVVEGGPLPFAFDILATSFLYGSKTFINHTQGIPDFFKQSFPEGFTWERVTTYEDGGVLTATQDTSLQDGCLIYNVKIRGVNFTSNGPVMQKKTLGWEAFTETLYPADGGLEGRNDMALKLVGGSHLIANAKTTYRSKKPAKNLKMPGVYYVDYRLERIKEANNETYVEQHEVAVARYCDLPSKLGHKLNGS,SP_TM,red
DN0013,MAPSVTLPLTTAILAIARLVAAMVSGVGGSGGGRGGGRGGEEEPSSSHTPNNRRGGEQAQSSGTKSLRPRSNTESMSKAIQQYTVDARLHAVFEQSGESGKSFDYSQSLKTTTYGSSVPEQQITAYLSRIQRGGYIQPFGCMIAVDESSFRIIGYSENAREMLGIMPQSVPTLEKPEILAMGTDVRSLFTSSSSILLERAFVAREITLLNPVWIHSKNTGKPFYAILHRIDVGVVIDLEPARTEDPALSIAGAVQSQKLAVRAISQLQALPGGDIKLLCDTVVESVRDLTGYDRVMVYKFHEDEHGEVVAESKRDDLEPYIGLHYPATDIPQASRFLFKQNRVRMIVDCNATPVLVVQDDRLTQSMCLVGSTLRAPHGCHSQYMANMGSIASLAMAVIINGNEDDGSNVASGRSSMRLWGLVVCHHTSSRCIPFPLRYACEFLMQAFGLQLNMELQLALQMSEKRVLRTQTLMSELIKENMHMKLYMEGTVDNHHFKCTSEGEGKPYEGTQTMRIKVVEGGPLPFAFDILATSFLYGSKTFINHTQGIPDFFKQSFPEGFTWERVTTYEDGGVLTATQDTSLQDGCLIYNVKIRGVNFTSNGPVMQKKTLGWEAFTETLYPADGGLEGRNDMALKLVGGSHLIANAKTTYRSKKPAKNLKMPGVYYVDYRLERIKEANNETYVEQHEVAVARYCDLPSKLGHKLNGS,MAPSVTLPLTTAILAIARLVAA,PhyB,MVSGVGGSGGGRGGGRGGEEEPSSSHTPNNRRGGEQAQSSGTKSLRPRSNTESMSKAIQQYTVDARLHAVFEQSGESGKSFDYSQSLKTTTYGSSVPEQQITAYLSRIQRGGYIQPFGCMIAVDESSFRIIGYSENAREMLGIMPQSVPTLEKPEILAMGTDVRSLFTSSSSILLERAFVAREITLLNPVWIHSKNTGKPFYAILHRIDVGVVIDLEPARTEDPALSIAGAVQSQKLAVRAISQLQALPGGDIKLLCDTVVESVRDLTGYDRVMVYKFHEDEHGEVVAESKRDDLEPYIGLHYPATDIPQASRFLFKQNRVRMIVDCNATPVLVVQDDRLTQSMCLVGSTLRAPHGCHSQYMANMGSIASLAMAVIINGNEDDGSNVASGRSSMRLWGLVVCHHTSSRCIPFPLRYACEFLMQAFGLQLNMELQLALQMSEKRVLRTQTL,mTagBFP,MSELIKENMHMKLYMEGTVDNHHFKCTSEGEGKPYEGTQTMRIKVVEGGPLPFAFDILATSFLYGSKTFINHTQGIPDFFKQSFPEGFTWERVTTYEDGGVLTATQDTSLQDGCLIYNVKIRGVNFTSNGPVMQKKTLGWEAFTETLYPADGGLEGRNDMALKLVGGSHLIANAKTTYRSKKPAKNLKMPGVYYVDYRLERIKEANNETYVEQHEVAVARYCDLPSKLGHKLNGS,SP,red
DN0014,MLFKSLSKLATAAAFFAGVATADLGSGTESSTASSNASGSSSKSNSGSSGSSSSSSSSSASSSSSSKKNAATNVKANLAQVVFTSIISLSIAAGVGFALVKESGSVSSEQLAQFRSLDMVSGVGGSGGGRGGGRGGEEEPSSSHTPNNRRGGEQAQSSGTKSLRPRSNTESMSKAIQQYTVDARLHAVFEQSGESGKSFDYSQSLKTTTYGSSVPEQQITAYLSRIQRGGYIQPFGCMIAVDESSFRIIGYSENAREMLGIMPQSVPTLEKPEILAMGTDVRSLFTSSSSILLERAFVAREITLLNPVWIHSKNTGKPFYAILHRIDVGVVIDLEPARTEDPALSIAGAVQSQKLAVRAISQLQALPGGDIKLLCDTVVESVRDLTGYDRVMVYKFHEDEHGEVVAESKRDDLEPYIGLHYPATDIPQASRFLFKQNRVRMIVDCNATPVLVVQDDRLTQSMCLVGSTLRAPHGCHSQYMANMGSIASLAMAVIINGNEDDGSNVASGRSSMRLWGLVVCHHTSSRCIPFPLRYACEFLMQAFGLQLNMELQLALQMSEKRVLRTQTLMSELIKENMHMKLYMEGTVDNHHFKCTSEGEGKPYEGTQTMRIKVVEGGPLPFAFDILATSFLYGSKTFINHTQGIPDFFKQSFPEGFTWERVTTYEDGGVLTATQDTSLQDGCLIYNVKIRGVNFTSNGPVMQKKTLGWEAFTETLYPADGGLEGRNDMALKLVGGSHLIANAKTTYRSKKPAKNLKMPGVYYVDYRLERIKEANNETYVEQHEVAVARYCDLPSKLGHKLNGS,MLFKSLSKLATAAAFFAGVATADLGSGTESSTASSNASGSSSKSNSGSSGSSSSSSSSSASSSSSSKKNAATNVKANLAQVVFTSIISLSIAAGVGFALVKESGSVSSEQLAQFRSLDMSELIKENMHMKLYMEGTVDNHHFKCTSEGEGKPYEGTQTMRIKVVEGGPLPFAFDILATSFLYGSKTFINHTQGIPDFFKQSFPEGFTWERVTTYEDGGVLTATQDTSLQDGCLIYNVKIRGVNFTSNGPVMQKKTLGWEAFTETLYPADGGLEGRNDMALKLVGGSHLIANAKTTYRSKKPAKNLKMPGVYYVDYRLERIKEANNETYVEQHEVAVARYCDLPSKLGHKLNGS,PhyB,MVSGVGGSGGGRGGGRGGEEEPSSSHTPNNRRGGEQAQSSGTKSLRPRSNTESMSKAIQQYTVDARLHAVFEQSGESGKSFDYSQSLKTTTYGSSVPEQQITAYLSRIQRGGYIQPFGCMIAVDESSFRIIGYSENAREMLGIMPQSVPTLEKPEILAMGTDVRSLFTSSSSILLERAFVAREITLLNPVWIHSKNTGKPFYAILHRIDVGVVIDLEPARTEDPALSIAGAVQSQKLAVRAISQLQALPGGDIKLLCDTVVESVRDLTGYDRVMVYKFHEDEHGEVVAESKRDDLEPYIGLHYPATDIPQASRFLFKQNRVRMIVDCNATPVLVVQDDRLTQSMCLVGSTLRAPHGCHSQYMANMGSIASLAMAVIINGNEDDGSNVASGRSSMRLWGLVVCHHTSSRCIPFPLRYACEFLMQAFGLQLNMELQLALQMSEKRVLRTQTL,mTagBFP,MSELIKENMHMKLYMEGTVDNHHFKCTSEGEGKPYEGTQTMRIKVVEGGPLPFAFDILATSFLYGSKTFINHTQGIPDFFKQSFPEGFTWERVTTYEDGGVLTATQDTSLQDGCLIYNVKIRGVNFTSNGPVMQKKTLGWEAFTETLYPADGGLEGRNDMALKLVGGSHLIANAKTTYRSKKPAKNLKMPGVYYVDYRLERIKEANNETYVEQHEVAVARYCDLPSKLGHKLNGS,SP_GPI,red
DN0015,AKLGGGGSGGGGSGGGGSMVSGVGGSGGGRGGGRGGEEEPSSSHTPNNRRGGEQAQSSGTKSLRPRSNTESMSKAIQQYTVDARLHAVFEQSGESGKSFDYSQSLKTTTYGSSVPEQQITAYLSRIQRGGYIQPFGCMIAVDESSFRIIGYSENAREMLGIMPQSVPTLEKPEILAMGTDVRSLFTSSSSILLERAFVAREITLLNPVWIHSKNTGKPFYAILHRIDVGVVIDLEPARTEDPALSIAGAVQSQKLAVRAISQLQALPGGDIKLLCDTVVESVRDLTGYDRVMVYKFHEDEHGEVVAESKRDDLEPYIGLHYPATDIPQASRFLFKQNRVRMIVDCNATPVLVVQDDRLTQSMCLVGSTLRAPHGCHSQYMANMGSIASLAMAVIINGNEDDGSNVASGRSSMRLWGLVVCHHTSSRCIPFPLRYACEFLMQAFGLQLNMELQLALQMSEKRVLRTQTLMSELIKENMHMKLYMEGTVDNHHFKCTSEGEGKPYEGTQTMRIKVVEGGPLPFAFDILATSFLYGSKTFINHTQGIPDFFKQSFPEGFTWERVTTYEDGGVLTATQDTSLQDGCLIYNVKIRGVNFTSNGPVMQKKTLGWEAFTETLYPADGGLEGRNDMALKLVGGSHLIANAKTTYRSKKPAKNLKMPGVYYVDYRLERIKEANNETYVEQHEVAVARYCDLPSKLGHKLNGS,AKLGGGGSGGGGSGGGGSMSELIKENMHMKLYMEGTVDNHHFKCTSEGEGKPYEGTQTMRIKVVEGGPLPFAFDILATSFLYGSKTFINHTQGIPDFFKQSFPEGFTWERVTTYEDGGVLTATQDTSLQDGCLIYNVKIRGVNFTSNGPVMQKKTLGWEAFTETLYPADGGLEGRNDMALKLVGGSHLIANAKTTYRSKKPAKNLKMPGVYYVDYRLERIKEANNETYVEQHEVAVARYCDLPSKLGHKLNGS,PhyB,MVSGVGGSGGGRGGGRGGEEEPSSSHTPNNRRGGEQAQSSGTKSLRPRSNTESMSKAIQQYTVDARLHAVFEQSGESGKSFDYSQSLKTTTYGSSVPEQQITAYLSRIQRGGYIQPFGCMIAVDESSFRIIGYSENAREMLGIMPQSVPTLEKPEILAMGTDVRSLFTSSSSILLERAFVAREITLLNPVWIHSKNTGKPFYAILHRIDVGVVIDLEPARTEDPALSIAGAVQSQKLAVRAISQLQALPGGDIKLLCDTVVESVRDLTGYDRVMVYKFHEDEHGEVVAESKRDDLEPYIGLHYPATDIPQASRFLFKQNRVRMIVDCNATPVLVVQDDRLTQSMCLVGSTLRAPHGCHSQYMANMGSIASLAMAVIINGNEDDGSNVASGRSSMRLWGLVVCHHTSSRCIPFPLRYACEFLMQAFGLQLNMELQLALQMSEKRVLRTQTL,mTagBFP,MSELIKENMHMKLYMEGTVDNHHFKCTSEGEGKPYEGTQTMRIKVVEGGPLPFAFDILATSFLYGSKTFINHTQGIPDFFKQSFPEGFTWERVTTYEDGGVLTATQDTSLQDGCLIYNVKIRGVNFTSNGPVMQKKTLGWEAFTETLYPADGGLEGRNDMALKLVGGSHLIANAKTTYRSKKPAKNLKMPGVYYVDYRLERIKEANNETYVEQHEVAVARYCDLPSKLGHKLNGS,PTS,red
DN0016,MSRRRHSYENDGGQPHKRRKMVSGVGGSGGGRGGGRGGEEEPSSSHTPNNRRGGEQAQSSGTKSLRPRSNTESMSKAIQQYTVDARLHAVFEQSGESGKSFDYSQSLKTTTYGSSVPEQQITAYLSRIQRGGYIQPFGCMIAVDESSFRIIGYSENAREMLGIMPQSVPTLEKPEILAMGTDVRSLFTSSSSILLERAFVAREITLLNPVWIHSKNTGKPFYAILHRIDVGVVIDLEPARTEDPALSIAGAVQSQKLAVRAISQLQALPGGDIKLLCDTVVESVRDLTGYDRVMVYKFHEDEHGEVVAESKRDDLEPYIGLHYPATDIPQASRFLFKQNRVRMIVDCNATPVLVVQDDRLTQSMCLVGSTLRAPHGCHSQYMANMGSIASLAMAVIINGNEDDGSNVASGRSSMRLWGLVVCHHTSSRCIPFPLRYACEFLMQAFGLQLNMELQLALQMSEKRVLRTQTLMSELIKENMHMKLYMEGTVDNHHFKCTSEGEGKPYEGTQTMRIKVVEGGPLPFAFDILATSFLYGSKTFINHTQGIPDFFKQSFPEGFTWERVTTYEDGGVLTATQDTSLQDGCLIYNVKIRGVNFTSNGPVMQKKTLGWEAFTETLYPADGGLEGRNDMALKLVGGSHLIANAKTTYRSKKPAKNLKMPGVYYVDYRLERIKEANNETYVEQHEVAVARYCDLPSKLGHKLNGS,MSRRRHSYENDGGQPHKRRK,PhyB,MVSGVGGSGGGRGGGRGGEEEPSSSHTPNNRRGGEQAQSSGTKSLRPRSNTESMSKAIQQYTVDARLHAVFEQSGESGKSFDYSQSLKTTTYGSSVPEQQITAYLSRIQRGGYIQPFGCMIAVDESSFRIIGYSENAREMLGIMPQSVPTLEKPEILAMGTDVRSLFTSSSSILLERAFVAREITLLNPVWIHSKNTGKPFYAILHRIDVGVVIDLEPARTEDPALSIAGAVQSQKLAVRAISQLQALPGGDIKLLCDTVVESVRDLTGYDRVMVYKFHEDEHGEVVAESKRDDLEPYIGLHYPATDIPQASRFLFKQNRVRMIVDCNATPVLVVQDDRLTQSMCLVGSTLRAPHGCHSQYMANMGSIASLAMAVIINGNEDDGSNVASGRSSMRLWGLVVCHHTSSRCIPFPLRYACEFLMQAFGLQLNMELQLALQMSEKRVLRTQTL,mTagBFP,MSELIKENMHMKLYMEGTVDNHHFKCTSEGEGKPYEGTQTMRIKVVEGGPLPFAFDILATSFLYGSKTFINHTQGIPDFFKQSFPEGFTWERVTTYEDGGVLTATQDTSLQDGCLIYNVKIRGVNFTSNGPVMQKKTLGWEAFTETLYPADGGLEGRNDMALKLVGGSHLIANAKTTYRSKKPAKNLKMPGVYYVDYRLERIKEANNETYVEQHEVAVARYCDLPSKLGHKLNGS,NLS,red
DN0017,LAALNHISALGGGGSGGGGSGGGGSMVSGVGGSGGGRGGGRGGEEEPSSSHTPNNRRGGEQAQSSGTKSLRPRSNTESMSKAIQQYTVDARLHAVFEQSGESGKSFDYSQSLKTTTYGSSVPEQQITAYLSRIQRGGYIQPFGCMIAVDESSFRIIGYSENAREMLGIMPQSVPTLEKPEILAMGTDVRSLFTSSSSILLERAFVAREITLLNPVWIHSKNTGKPFYAILHRIDVGVVIDLEPARTEDPALSIAGAVQSQKLAVRAISQLQALPGGDIKLLCDTVVESVRDLTGYDRVMVYKFHEDEHGEVVAESKRDDLEPYIGLHYPATDIPQASRFLFKQNRVRMIVDCNATPVLVVQDDRLTQSMCLVGSTLRAPHGCHSQYMANMGSIASLAMAVIINGNEDDGSNVASGRSSMRLWGLVVCHHTSSRCIPFPLRYACEFLMQAFGLQLNMELQLALQMSEKRVLRTQTLMSELIKENMHMKLYMEGTVDNHHFKCTSEGEGKPYEGTQTMRIKVVEGGPLPFAFDILATSFLYGSKTFINHTQGIPDFFKQSFPEGFTWERVTTYEDGGVLTATQDTSLQDGCLIYNVKIRGVNFTSNGPVMQKKTLGWEAFTETLYPADGGLEGRNDMALKLVGGSHLIANAKTTYRSKKPAKNLKMPGVYYVDYRLERIKEANNETYVEQHEVAVARYCDLPSKLGHKLNGS,LAALNHISALGGGGSGGGGSGGGGSMSELIKENMHMKLYMEGTVDNHHFKCTSEGEGKPYEGTQTMRIKVVEGGPLPFAFDILATSFLYGSKTFINHTQGIPDFFKQSFPEGFTWERVTTYEDGGVLTATQDTSLQDGCLIYNVKIRGVNFTSNGPVMQKKTLGWEAFTETLYPADGGLEGRNDMALKLVGGSHLIANAKTTYRSKKPAKNLKMPGVYYVDYRLERIKEANNETYVEQHEVAVARYCDLPSKLGHKLNGS,PhyB,MVSGVGGSGGGRGGGRGGEEEPSSSHTPNNRRGGEQAQSSGTKSLRPRSNTESMSKAIQQYTVDARLHAVFEQSGESGKSFDYSQSLKTTTYGSSVPEQQITAYLSRIQRGGYIQPFGCMIAVDESSFRIIGYSENAREMLGIMPQSVPTLEKPEILAMGTDVRSLFTSSSSILLERAFVAREITLLNPVWIHSKNTGKPFYAILHRIDVGVVIDLEPARTEDPALSIAGAVQSQKLAVRAISQLQALPGGDIKLLCDTVVESVRDLTGYDRVMVYKFHEDEHGEVVAESKRDDLEPYIGLHYPATDIPQASRFLFKQNRVRMIVDCNATPVLVVQDDRLTQSMCLVGSTLRAPHGCHSQYMANMGSIASLAMAVIINGNEDDGSNVASGRSSMRLWGLVVCHHTSSRCIPFPLRYACEFLMQAFGLQLNMELQLALQMSEKRVLRTQTL,mTagBFP,MSELIKENMHMKLYMEGTVDNHHFKCTSEGEGKPYEGTQTMRIKVVEGGPLPFAFDILATSFLYGSKTFINHTQGIPDFFKQSFPEGFTWERVTTYEDGGVLTATQDTSLQDGCLIYNVKIRGVNFTSNGPVMQKKTLGWEAFTETLYPADGGLEGRNDMALKLVGGSHLIANAKTTYRSKKPAKNLKMPGVYYVDYRLERIKEANNETYVEQHEVAVARYCDLPSKLGHKLNGS,NES,red
DN0018,MFLPKFNPIRSFSPILRAKTLLRYQNRMYMVSGVGGSGGGRGGGRGGEEEPSSSHTPNNRRGGEQAQSSGTKSLRPRSNTESMSKAIQQYTVDARLHAVFEQSGESGKSFDYSQSLKTTTYGSSVPEQQITAYLSRIQRGGYIQPFGCMIAVDESSFRIIGYSENAREMLGIMPQSVPTLEKPEILAMGTDVRSLFTSSSSILLERAFVAREITLLNPVWIHSKNTGKPFYAILHRIDVGVVIDLEPARTEDPALSIAGAVQSQKLAVRAISQLQALPGGDIKLLCDTVVESVRDLTGYDRVMVYKFHEDEHGEVVAESKRDDLEPYIGLHYPATDIPQASRFLFKQNRVRMIVDCNATPVLVVQDDRLTQSMCLVGSTLRAPHGCHSQYMANMGSIASLAMAVIINGNEDDGSNVASGRSSMRLWGLVVCHHTSSRCIPFPLRYACEFLMQAFGLQLNMELQLALQMSEKRVLRTQTLMSELIKENMHMKLYMEGTVDNHHFKCTSEGEGKPYEGTQTMRIKVVEGGPLPFAFDILATSFLYGSKTFINHTQGIPDFFKQSFPEGFTWERVTTYEDGGVLTATQDTSLQDGCLIYNVKIRGVNFTSNGPVMQKKTLGWEAFTETLYPADGGLEGRNDMALKLVGGSHLIANAKTTYRSKKPAKNLKMPGVYYVDYRLERIKEANNETYVEQHEVAVARYCDLPSKLGHKLNGS,MFLPKFNPIRSFSPILRAKTLLRYQNRMY,PhyB,MVSGVGGSGGGRGGGRGGEEEPSSSHTPNNRRGGEQAQSSGTKSLRPRSNTESMSKAIQQYTVDARLHAVFEQSGESGKSFDYSQSLKTTTYGSSVPEQQITAYLSRIQRGGYIQPFGCMIAVDESSFRIIGYSENAREMLGIMPQSVPTLEKPEILAMGTDVRSLFTSSSSILLERAFVAREITLLNPVWIHSKNTGKPFYAILHRIDVGVVIDLEPARTEDPALSIAGAVQSQKLAVRAISQLQALPGGDIKLLCDTVVESVRDLTGYDRVMVYKFHEDEHGEVVAESKRDDLEPYIGLHYPATDIPQASRFLFKQNRVRMIVDCNATPVLVVQDDRLTQSMCLVGSTLRAPHGCHSQYMANMGSIASLAMAVIINGNEDDGSNVASGRSSMRLWGLVVCHHTSSRCIPFPLRYACEFLMQAFGLQLNMELQLALQMSEKRVLRTQTL,mTagBFP,MSELIKENMHMKLYMEGTVDNHHFKCTSEGEGKPYEGTQTMRIKVVEGGPLPFAFDILATSFLYGSKTFINHTQGIPDFFKQSFPEGFTWERVTTYEDGGVLTATQDTSLQDGCLIYNVKIRGVNFTSNGPVMQKKTLGWEAFTETLYPADGGLEGRNDMALKLVGGSHLIANAKTTYRSKKPAKNLKMPGVYYVDYRLERIKEANNETYVEQHEVAVARYCDLPSKLGHKLNGS,MT,red
DN0019,KSSSGSSSKPESSTKVVSTIKSTYTTTSGSTVETLTTTYKSTVNGKVASVMSNSTNGAFAGTHIAYGAGAFAVGALLLMVSGVGGSGGGRGGGRGGEEEPSSSHTPNNRRGGEQAQSSGTKSLRPRSNTESMSKAIQQYTVDARLHAVFEQSGESGKSFDYSQSLKTTTYGSSVPEQQITAYLSRIQRGGYIQPFGCMIAVDESSFRIIGYSENAREMLGIMPQSVPTLEKPEILAMGTDVRSLFTSSSSILLERAFVAREITLLNPVWIHSKNTGKPFYAILHRIDVGVVIDLEPARTEDPALSIAGAVQSQKLAVRAISQLQALPGGDIKLLCDTVVESVRDLTGYDRVMVYKFHEDEHGEVVAESKRDDLEPYIGLHYPATDIPQASRFLFKQNRVRMIVDCNATPVLVVQDDRLTQSMCLVGSTLRAPHGCHSQYMANMGSIASLAMAVIINGNEDDGSNVASGRSSMRLWGLVVCHHTSSRCIPFPLRYACEFLMQAFGLQLNMELQLALQMSEKRVLRTQTLMSELIKENMHMKLYMEGTVDNHHFKCTSEGEGKPYEGTQTMRIKVVEGGPLPFAFDILATSFLYGSKTFINHTQGIPDFFKQSFPEGFTWERVTTYEDGGVLTATQDTSLQDGCLIYNVKIRGVNFTSNGPVMQKKTLGWEAFTETLYPADGGLEGRNDMALKLVGGSHLIANAKTTYRSKKPAKNLKMPGVYYVDYRLERIKEANNETYVEQHEVAVARYCDLPSKLGHKLNGS,KSSSGSSSKPESSTKVVSTIKSTYTTTSGSTVETLTTTYKSTVNGKVASVMSNSTNGAFAGTHIAYGAGAFAVGALLL,PhyB,MVSGVGGSGGGRGGGRGGEEEPSSSHTPNNRRGGEQAQSSGTKSLRPRSNTESMSKAIQQYTVDARLHAVFEQSGESGKSFDYSQSLKTTTYGSSVPEQQITAYLSRIQRGGYIQPFGCMIAVDESSFRIIGYSENAREMLGIMPQSVPTLEKPEILAMGTDVRSLFTSSSSILLERAFVAREITLLNPVWIHSKNTGKPFYAILHRIDVGVVIDLEPARTEDPALSIAGAVQSQKLAVRAISQLQALPGGDIKLLCDTVVESVRDLTGYDRVMVYKFHEDEHGEVVAESKRDDLEPYIGLHYPATDIPQASRFLFKQNRVRMIVDCNATPVLVVQDDRLTQSMCLVGSTLRAPHGCHSQYMANMGSIASLAMAVIINGNEDDGSNVASGRSSMRLWGLVVCHHTSSRCIPFPLRYACEFLMQAFGLQLNMELQLALQMSEKRVLRTQTL,mTagBFP,MSELIKENMHMKLYMEGTVDNHHFKCTSEGEGKPYEGTQTMRIKVVEGGPLPFAFDILATSFLYGSKTFINHTQGIPDFFKQSFPEGFTWERVTTYEDGGVLTATQDTSLQDGCLIYNVKIRGVNFTSNGPVMQKKTLGWEAFTETLYPADGGLEGRNDMALKLVGGSHLIANAKTTYRSKKPAKNLKMPGVYYVDYRLERIKEANNETYVEQHEVAVARYCDLPSKLGHKLNGS,GPI,red
DN0020,TTKLMNGTSWIEALMEKPFMVSGVGGSGGGRGGGRGGEEEPSSSHTPNNRRGGEQAQSSGTKSLRPRSNTESMSKAIQQYTVDARLHAVFEQSGESGKSFDYSQSLKTTTYGSSVPEQQITAYLSRIQRGGYIQPFGCMIAVDESSFRIIGYSENAREMLGIMPQSVPTLEKPEILAMGTDVRSLFTSSSSILLERAFVAREITLLNPVWIHSKNTGKPFYAILHRIDVGVVIDLEPARTEDPALSIAGAVQSQKLAVRAISQLQALPGGDIKLLCDTVVESVRDLTGYDRVMVYKFHEDEHGEVVAESKRDDLEPYIGLHYPATDIPQASRFLFKQNRVRMIVDCNATPVLVVQDDRLTQSMCLVGSTLRAPHGCHSQYMANMGSIASLAMAVIINGNEDDGSNVASGRSSMRLWGLVVCHHTSSRCIPFPLRYACEFLMQAFGLQLNMELQLALQMSEKRVLRTQTLMSELIKENMHMKLYMEGTVDNHHFKCTSEGEGKPYEGTQTMRIKVVEGGPLPFAFDILATSFLYGSKTFINHTQGIPDFFKQSFPEGFTWERVTTYEDGGVLTATQDTSLQDGCLIYNVKIRGVNFTSNGPVMQKKTLGWEAFTETLYPADGGLEGRNDMALKLVGGSHLIANAKTTYRSKKPAKNLKMPGVYYVDYRLERIKEANNETYVEQHEVAVARYCDLPSKLGHKLNGS,TTKLMNGTSWIEALMEKPF,PhyB,MVSGVGGSGGGRGGGRGGEEEPSSSHTPNNRRGGEQAQSSGTKSLRPRSNTESMSKAIQQYTVDARLHAVFEQSGESGKSFDYSQSLKTTTYGSSVPEQQITAYLSRIQRGGYIQPFGCMIAVDESSFRIIGYSENAREMLGIMPQSVPTLEKPEILAMGTDVRSLFTSSSSILLERAFVAREITLLNPVWIHSKNTGKPFYAILHRIDVGVVIDLEPARTEDPALSIAGAVQSQKLAVRAISQLQALPGGDIKLLCDTVVESVRDLTGYDRVMVYKFHEDEHGEVVAESKRDDLEPYIGLHYPATDIPQASRFLFKQNRVRMIVDCNATPVLVVQDDRLTQSMCLVGSTLRAPHGCHSQYMANMGSIASLAMAVIINGNEDDGSNVASGRSSMRLWGLVVCHHTSSRCIPFPLRYACEFLMQAFGLQLNMELQLALQMSEKRVLRTQTL,mTagBFP,MSELIKENMHMKLYMEGTVDNHHFKCTSEGEGKPYEGTQTMRIKVVEGGPLPFAFDILATSFLYGSKTFINHTQGIPDFFKQSFPEGFTWERVTTYEDGGVLTATQDTSLQDGCLIYNVKIRGVNFTSNGPVMQKKTLGWEAFTETLYPADGGLEGRNDMALKLVGGSHLIANAKTTYRSKKPAKNLKMPGVYYVDYRLERIKEANNETYVEQHEVAVARYCDLPSKLGHKLNGS,LYS,red
DN0021,LMGGVSAAVAKTAASPIERVGGGGSGGGGSGGGGSMAGHASGSPAFGTADLSNCEREEIHLAGSIQPHGALLVVSEPDHRIIQASANAAEFLNLGSVLGVPLAEIDGDLLIKILPHLDPTAEGMPVAVRCRIGNPSTEYDGLMHRPPEGGLIIELERAGPPIDLSGTLAPALERIRTAGSLRALCDDTALLFQQCTGYDRVMVYRFDEQGHGEVFSERHVPGLESYFGNRYPSSDIPQMARRLYERQRVRVLVDVSYQPVPLEPRLSPLTGRDLDMSGCFLRSMSPIHLQYLKNMGVRATLVVSLVVGGKLWGLVACHHYLPRFMHFELRAICELLAEAIATRITALESFAQSQSELFVQRLEQRMIEAITREGDWRAAIFDTSQSILQPLHAAGCALVYEDQIRTIGDVPSTQDVREIAGWLDRQPRAAVTSTASLGLDVPELAHLTRMASGVVAAPISDHRGEFLMWFRPERVHTVTWGGDPKKPFTMGDTPADLSPRRSFAKWHQVVEGTSDPWTAADLAAARTIGQTVADIVLQFRAVRTLIAREQYEQFSSQVHASMQPVLITDAEGRILLMNDSFRDMLPAGSPSAVHLDDLAGFFVESNDFLRNVAELIDHGRGWRGEVLLRGAGNRPLPLAVRADPVTRTEDQSLGFVLIFSDATDRRTADAARTRFQEGILASARPGVRLDSKSDLLHEKLLSALVENAQLAALEITYGVETGRIAELLEGVRQSMLRTAEVLGHLVQHAARTAGSDSSSNGSQNKKMVSELIKENMHMKLYMEGTVNNHHFKCTSEGEGKPYEGTQTMRIKAVEGGPLPFAFDILATSFMYGSKTFINHTQGIPDFFKQSFPEGFTWERVTTYEDGGVLTATQDTSLQDGCLIYNVKIRGVNFPSNGPVMQKKTLGWEASTETLYPADGGLEGRADMALKLVGGGHLICNLKTTYRSKKPAKNLKMPGVYYVDRRLERIKEADKETYVEQHEVAVARYCDLPSKLGHR,LMGGVSAAVAKTAASPIERVGGGGSGGGGSGGGGSMAGHASGSPAFGTADLSNCEREEIHLAGSIQPHGALLVVSEPDHRIIQASANAAEFLNLGSVLGVPLAEIDGDLLIKILPHLDPTAEGMPVAVRCRIGNPSTEYDGLMHRPPEGGLIIELERAGPPIDLSGTLAPALERIRTAGSLRALCDDTALLFQQCTGYDRVMVYRFDEQGHGEVFSERHVPGLESYFGNRYPSSDIPQMARRLYERQRVRVLVDVSYQPVPLEPRLSPLTGRDLDMSGCFLRSMSPIHLQYLKNMGVRATLVVSLVVGGKLWGLVACHHYLPRFMHFELRAICELLAEAIATRITALESFAQSQSELFVQRLEQRMIEAITREGDWRAAIFDTSQSILQPLHAAGCALVYEDQIRTIGDVPSTQDVREIAGWLDRQPRAAVTSTASLGLDVPELAHLTRMASGVVAAPISDHRGEFLMWFRPERVHTVTWGGDPKKPFTMGDTPADLSPRRSFAKWHQVVEGTSDPWTAADLAAARTIGQTVADIVLQFRAVRTLIAREQYEQFSSQVHASMQPVLITDAEGRILLMNDSFRDMLPAGSPSAVHLDDLAGFFVESNDFLRNVAELIDHGRGWRGEVLLRGAGNRPLPLAVRADPVTRTEDQSLGFVLIFSDATDRRTADAARTRFQEGILASARPGVRLDSKSDLLHEKLLSALVENAQLAALEITYGVETGRIAELLEGVRQSMLRTAEVLGHLVQHAARTAGSDSSSNGSQNKKMVSELIKENMHMKLYMEGTVNNHHFKCTSEGEGKPYEGTQTMRIKAVEGGPLPFAFDILATSFMYGSKTFINHTQGIPDFFKQSFPEGFTWERVTTYEDGGVLTATQDTSLQDGCLIYNVKIRGVNFPSNGPVMQKKTLGWEASTETLYPADGGLEGRADMALKLVGGGHLICNLKTTYRSKKPAKNLKMPGVYYVDRRLERIKEADKETYVEQHEVAVARYCDLPSKLGHR,BphP1,"MAGHASGSPAFGTADLSNCEREEIHLAGSIQPHGALLVVSEPDHRIIQASANAAEFLNLGSVLGVPLAEIDGDLLIKILPHLDPTAEGMPVAVRCRIGNPSTEYDGLMHRPPEGGLIIELERAGPPIDLSGTLAPALERIRTAGSLRALCDDTALLFQQCTGYDRVMVYRFDEQGHGEVFSERHVPGLESYFGNRYPSSDIPQMARRLYERQRVRVLVDVSYQPVPLEPRLSPLTGRDLDMSGCFLRSMSPIHLQYLKNMGVRATLVVSLVVGGKLWGLV
ACHHYLPRFMHFELRAICELLAEAIATRITALESFAQSQSELFVQRLEQRMIEAITREGDWRAAIFDTSQSILQPLHAAGCALVYEDQIRTIGDVPSTQDVREIAGWLDRQPRAAVTSTASLGLDVPELAHLTRMASGVVAAPISDHRGEFLMWFRPERVHTVTWGGDPKKPFTMGDTPADLSPRRSFAKWHQVVEGTSDPWTAADLAAARTIGQTVADIVLQFRAVRTLIAREQYEQFSSQVHASMQPVLITDAEGRILLMNDSFRDMLPAGSPSAVHL
DDLAGFFVESNDFLRNVAELIDHGRGWRGEVLLRGAGNRPLPLAVRADPVTRTEDQSLGFVLIFSDATDRRTADAARTRFQEGILASARPGVRLDSKSDLLHEKLLSALVENAQLAALEITYGVETGRIAELLEGVRQSMLRTAEVLGHLVQHAARTAGSDSSSNGSQNKK",mKate,MVSELIKENMHMKLYMEGTVNNHHFKCTSEGEGKPYEGTQTMRIKAVEGGPLPFAFDILATSFMYGSKTFINHTQGIPDFFKQSFPEGFTWERVTTYEDGGVLTATQDTSLQDGCLIYNVKIRGVNFPSNGPVMQKKTLGWEASTETLYPADGGLEGRADMALKLVGGGHLICNLKTTYRSKKPAKNLKMPGVYYVDRRLERIKEADKETYVEQHEVAVARYCDLPSKLGHR,TM,far-red
DN0022,"MDRTWLLLTWLLLLCGVVQGMPIYAFLAVAYAVCTLVYSWLCMAGHASGSPAFGTADLSNCEREEIHLAGSIQPHGALLVVSEPDHRIIQASANAAEFLNLGSVLGVPLAEIDGDLLIKILPHLDPTAEGMPVAVRCRIGNPSTEYDGLMHRPPEGGLIIELERAGPPIDLSGTLAPALERIRTAGSLRALCDDTALLFQQCTGYDRVMVYRFDEQGHGEVFSERHVPGLESYFGNRYPSSDIPQMARRLYERQRVRVLVDVSYQPVPLEPRLSPLTGRDLDMSGCFLRSMSPIHLQYLKNMGVRATLVVSLVVGGKLWGLV
ACHHYLPRFMHFELRAICELLAEAIATRITALESFAQSQSELFVQRLEQRMIEAITREGDWRAAIFDTSQSILQPLHAAGCALVYEDQIRTIGDVPSTQDVREIAGWLDRQPRAAVTSTASLGLDVPELAHLTRMASGVVAAPISDHRGEFLMWFRPERVHTVTWGGDPKKPFTMGDTPADLSPRRSFAKWHQVVEGTSDPWTAADLAAARTIGQTVADIVLQFRAVRTLIAREQYEQFSSQVHASMQPVLITDAEGRILLMNDSFRDMLPAGSPSAVHL
DDLAGFFVESNDFLRNVAELIDHGRGWRGEVLLRGAGNRPLPLAVRADPVTRTEDQSLGFVLIFSDATDRRTADAARTRFQEGILASARPGVRLDSKSDLLHEKLLSALVENAQLAALEITYGVETGRIAELLEGVRQSMLRTAEVLGHLVQHAARTAGSDSSSNGSQNKKMVSELIKENMHMKLYMEGTVNNHHFKCTSEGEGKPYEGTQTMRIKAVEGGPLPFAFDILATSFMYGSKTFINHTQGIPDFFKQSFPEGFTWERVTTYEDGGVLTATQDTSLQDGCLIYNVKIRGVNFPSNGPVMQKKTLGWEASTETLYPADGGLEGRADMALKLVGGGHLICNLKTTYRSKKPAKNLKMPGVYYVDRRLERIKEADKETYVEQHEVAVARYCDLPSKLGHR",MDRTWLLLTWLLLLCGVVQGMPIYAFLAVAYAVCTLVYSWLC,BphP1,"MAGHASGSPAFGTADLSNCEREEIHLAGSIQPHGALLVVSEPDHRIIQASANAAEFLNLGSVLGVPLAEIDGDLLIKILPHLDPTAEGMPVAVRCRIGNPSTEYDGLMHRPPEGGLIIELERAGPPIDLSGTLAPALERIRTAGSLRALCDDTALLFQQCTGYDRVMVYRFDEQGHGEVFSERHVPGLESYFGNRYPSSDIPQMARRLYERQRVRVLVDVSYQPVPLEPRLSPLTGRDLDMSGCFLRSMSPIHLQYLKNMGVRATLVVSLVVGGKLWGLV
ACHHYLPRFMHFELRAICELLAEAIATRITALESFAQSQSELFVQRLEQRMIEAITREGDWRAAIFDTSQSILQPLHAAGCALVYEDQIRTIGDVPSTQDVREIAGWLDRQPRAAVTSTASLGLDVPELAHLTRMASGVVAAPISDHRGEFLMWFRPERVHTVTWGGDPKKPFTMGDTPADLSPRRSFAKWHQVVEGTSDPWTAADLAAARTIGQTVADIVLQFRAVRTLIAREQYEQFSSQVHASMQPVLITDAEGRILLMNDSFRDMLPAGSPSAVHL
DDLAGFFVESNDFLRNVAELIDHGRGWRGEVLLRGAGNRPLPLAVRADPVTRTEDQSLGFVLIFSDATDRRTADAARTRFQEGILASARPGVRLDSKSDLLHEKLLSALVENAQLAALEITYGVETGRIAELLEGVRQSMLRTAEVLGHLVQHAARTAGSDSSSNGSQNKK",mKate,MVSELIKENMHMKLYMEGTVNNHHFKCTSEGEGKPYEGTQTMRIKAVEGGPLPFAFDILATSFMYGSKTFINHTQGIPDFFKQSFPEGFTWERVTTYEDGGVLTATQDTSLQDGCLIYNVKIRGVNFPSNGPVMQKKTLGWEASTETLYPADGGLEGRADMALKLVGGGHLICNLKTTYRSKKPAKNLKMPGVYYVDRRLERIKEADKETYVEQHEVAVARYCDLPSKLGHR,SP_TM,far-red
DN0023,"MLPRVTKLNSRLLSLALLGIQIARGMAGHASGSPAFGTADLSNCEREEIHLAGSIQPHGALLVVSEPDHRIIQASANAAEFLNLGSVLGVPLAEIDGDLLIKILPHLDPTAEGMPVAVRCRIGNPSTEYDGLMHRPPEGGLIIELERAGPPIDLSGTLAPALERIRTAGSLRALCDDTALLFQQCTGYDRVMVYRFDEQGHGEVFSERHVPGLESYFGNRYPSSDIPQMARRLYERQRVRVLVDVSYQPVPLEPRLSPLTGRDLDMSGCFLRSMSPIHLQYLKNMGVRATLVVSLVVGGKLWGLV
ACHHYLPRFMHFELRAICELLAEAIATRITALESFAQSQSELFVQRLEQRMIEAITREGDWRAAIFDTSQSILQPLHAAGCALVYEDQIRTIGDVPSTQDVREIAGWLDRQPRAAVTSTASLGLDVPELAHLTRMASGVVAAPISDHRGEFLMWFRPERVHTVTWGGDPKKPFTMGDTPADLSPRRSFAKWHQVVEGTSDPWTAADLAAARTIGQTVADIVLQFRAVRTLIAREQYEQFSSQVHASMQPVLITDAEGRILLMNDSFRDMLPAGSPSAVHL
DDLAGFFVESNDFLRNVAELIDHGRGWRGEVLLRGAGNRPLPLAVRADPVTRTEDQSLGFVLIFSDATDRRTADAARTRFQEGILASARPGVRLDSKSDLLHEKLLSALVENAQLAALEITYGVETGRIAELLEGVRQSMLRTAEVLGHLVQHAARTAGSDSSSNGSQNKKMVSELIKENMHMKLYMEGTVNNHHFKCTSEGEGKPYEGTQTMRIKAVEGGPLPFAFDILATSFMYGSKTFINHTQGIPDFFKQSFPEGFTWERVTTYEDGGVLTATQDTSLQDGCLIYNVKIRGVNFPSNGPVMQKKTLGWEASTETLYPADGGLEGRADMALKLVGGGHLICNLKTTYRSKKPAKNLKMPGVYYVDRRLERIKEADKETYVEQHEVAVARYCDLPSKLGHR",MLPRVTKLNSRLLSLALLGIQIARG,BphP1,"MAGHASGSPAFGTADLSNCEREEIHLAGSIQPHGALLVVSEPDHRIIQASANAAEFLNLGSVLGVPLAEIDGDLLIKILPHLDPTAEGMPVAVRCRIGNPSTEYDGLMHRPPEGGLIIELERAGPPIDLSGTLAPALERIRTAGSLRALCDDTALLFQQCTGYDRVMVYRFDEQGHGEVFSERHVPGLESYFGNRYPSSDIPQMARRLYERQRVRVLVDVSYQPVPLEPRLSPLTGRDLDMSGCFLRSMSPIHLQYLKNMGVRATLVVSLVVGGKLWGLV
ACHHYLPRFMHFELRAICELLAEAIATRITALESFAQSQSELFVQRLEQRMIEAITREGDWRAAIFDTSQSILQPLHAAGCALVYEDQIRTIGDVPSTQDVREIAGWLDRQPRAAVTSTASLGLDVPELAHLTRMASGVVAAPISDHRGEFLMWFRPERVHTVTWGGDPKKPFTMGDTPADLSPRRSFAKWHQVVEGTSDPWTAADLAAARTIGQTVADIVLQFRAVRTLIAREQYEQFSSQVHASMQPVLITDAEGRILLMNDSFRDMLPAGSPSAVHL
DDLAGFFVESNDFLRNVAELIDHGRGWRGEVLLRGAGNRPLPLAVRADPVTRTEDQSLGFVLIFSDATDRRTADAARTRFQEGILASARPGVRLDSKSDLLHEKLLSALVENAQLAALEITYGVETGRIAELLEGVRQSMLRTAEVLGHLVQHAARTAGSDSSSNGSQNKK",mKate,MVSELIKENMHMKLYMEGTVNNHHFKCTSEGEGKPYEGTQTMRIKAVEGGPLPFAFDILATSFMYGSKTFINHTQGIPDFFKQSFPEGFTWERVTTYEDGGVLTATQDTSLQDGCLIYNVKIRGVNFPSNGPVMQKKTLGWEASTETLYPADGGLEGRADMALKLVGGGHLICNLKTTYRSKKPAKNLKMPGVYYVDRRLERIKEADKETYVEQHEVAVARYCDLPSKLGHR,SP,far-red
DN0024,MLFKSLSKLATAAAFFAGVATADLGSGTESSTASSNASGSSSKSNSGSSGSSSSSSSSSASSSSSSKKNAATNVKANLAQVVFTSIISLSIAAGVGFALVKESGSVSSEQLAQFRSLDMAGHASGSPAFGTADLSNCEREEIHLAGSIQPHGALLVVSEPDHRIIQASANAAEFLNLGSVLGVPLAEIDGDLLIKILPHLDPTAEGMPVAVRCRIGNPSTEYDGLMHRPPEGGLIIELERAGPPIDLSGTLAPALERIRTAGSLRALCDDTALLFQQCTGYDRVMVYRFDEQGHGEVFSERHVPGLESYFGNRYPSSDIPQMARRLYERQRVRVLVDVSYQPVPLEPRLSPLTGRDLDMSGCFLRSMSPIHLQYLKNMGVRATLVVSLVVGGKLWGLVACHHYLPRFMHFELRAICELLAEAIATRITALESFAQSQSELFVQRLEQRMIEAITREGDWRAAIFDTSQSILQPLHAAGCALVYEDQIRTIGDVPSTQDVREIAGWLDRQPRAAVTSTASLGLDVPELAHLTRMASGVVAAPISDHRGEFLMWFRPERVHTVTWGGDPKKPFTMGDTPADLSPRRSFAKWHQVVEGTSDPWTAADLAAARTIGQTVADIVLQFRAVRTLIAREQYEQFSSQVHASMQPVLITDAEGRILLMNDSFRDMLPAGSPSAVHLDDLAGFFVESNDFLRNVAELIDHGRGWRGEVLLRGAGNRPLPLAVRADPVTRTEDQSLGFVLIFSDATDRRTADAARTRFQEGILASARPGVRLDSKSDLLHEKLLSALVENAQLAALEITYGVETGRIAELLEGVRQSMLRTAEVLGHLVQHAARTAGSDSSSNGSQNKKMVSELIKENMHMKLYMEGTVNNHHFKCTSEGEGKPYEGTQTMRIKAVEGGPLPFAFDILATSFMYGSKTFINHTQGIPDFFKQSFPEGFTWERVTTYEDGGVLTATQDTSLQDGCLIYNVKIRGVNFPSNGPVMQKKTLGWEASTETLYPADGGLEGRADMALKLVGGGHLICNLKTTYRSKKPAKNLKMPGVYYVDRRLERIKEADKETYVEQHEVAVARYCDLPSKLGHR,MLFKSLSKLATAAAFFAGVATADLGSGTESSTASSNASGSSSKSNSGSSGSSSSSSSSSASSSSSSKKNAATNVKANLAQVVFTSIISLSIAAGVGFALVKESGSVSSEQLAQFRSLDMAGHASGSPAFGTADLSNCEREEIHLAGSIQPHGALLVVSEPDHRIIQASANAAEFLNLGSVLGVPLAEIDGDLLIKILPHLDPTAEGMPVAVRCRIGNPSTEYDGLMHRPPEGGLIIELERAGPPIDLSGTLAPALERIRTAGSLRALCDDTALLFQQCTGYDRVMVYRFDEQGHGEVFSERHVPGLESYFGNRYPSSDIPQMARRLYERQRVRVLVDVSYQPVPLEPRLSPLTGRDLDMSGCFLRSMSPIHLQYLKNMGVRATLVVSLVVGGKLWGLVACHHYLPRFMHFELRAICELLAEAIATRITALESFAQSQSELFVQRLEQRMIEAITREGDWRAAIFDTSQSILQPLHAAGCALVYEDQIRTIGDVPSTQDVREIAGWLDRQPRAAVTSTASLGLDVPELAHLTRMASGVVAAPISDHRGEFLMWFRPERVHTVTWGGDPKKPFTMGDTPADLSPRRSFAKWHQVVEGTSDPWTAADLAAARTIGQTVADIVLQFRAVRTLIAREQYEQFSSQVHASMQPVLITDAEGRILLMNDSFRDMLPAGSPSAVHLDDLAGFFVESNDFLRNVAELIDHGRGWRGEVLLRGAGNRPLPLAVRADPVTRTEDQSLGFVLIFSDATDRRTADAARTRFQEGILASARPGVRLDSKSDLLHEKLLSALVENAQLAALEITYGVETGRIAELLEGVRQSMLRTAEVLGHLVQHAARTAGSDSSSNGSQNKKMVSELIKENMHMKLYMEGTVNNHHFKCTSEGEGKPYEGTQTMRIKAVEGGPLPFAFDILATSFMYGSKTFINHTQGIPDFFKQSFPEGFTWERVTTYEDGGVLTATQDTSLQDGCLIYNVKIRGVNFPSNGPVMQKKTLGWEASTETLYPADGGLEGRADMALKLVGGGHLICNLKTTYRSKKPAKNLKMPGVYYVDRRLERIKEADKETYVEQHEVAVARYCDLPSKLGHR,BphP1,"MAGHASGSPAFGTADLSNCEREEIHLAGSIQPHGALLVVSEPDHRIIQASANAAEFLNLGSVLGVPLAEIDGDLLIKILPHLDPTAEGMPVAVRCRIGNPSTEYDGLMHRPPEGGLIIELERAGPPIDLSGTLAPALERIRTAGSLRALCDDTALLFQQCTGYDRVMVYRFDEQGHGEVFSERHVPGLESYFGNRYPSSDIPQMARRLYERQRVRVLVDVSYQPVPLEPRLSPLTGRDLDMSGCFLRSMSPIHLQYLKNMGVRATLVVSLVVGGKLWGLV
ACHHYLPRFMHFELRAICELLAEAIATRITALESFAQSQSELFVQRLEQRMIEAITREGDWRAAIFDTSQSILQPLHAAGCALVYEDQIRTIGDVPSTQDVREIAGWLDRQPRAAVTSTASLGLDVPELAHLTRMASGVVAAPISDHRGEFLMWFRPERVHTVTWGGDPKKPFTMGDTPADLSPRRSFAKWHQVVEGTSDPWTAADLAAARTIGQTVADIVLQFRAVRTLIAREQYEQFSSQVHASMQPVLITDAEGRILLMNDSFRDMLPAGSPSAVHL
DDLAGFFVESNDFLRNVAELIDHGRGWRGEVLLRGAGNRPLPLAVRADPVTRTEDQSLGFVLIFSDATDRRTADAARTRFQEGILASARPGVRLDSKSDLLHEKLLSALVENAQLAALEITYGVETGRIAELLEGVRQSMLRTAEVLGHLVQHAARTAGSDSSSNGSQNKK",mKate,MVSELIKENMHMKLYMEGTVNNHHFKCTSEGEGKPYEGTQTMRIKAVEGGPLPFAFDILATSFMYGSKTFINHTQGIPDFFKQSFPEGFTWERVTTYEDGGVLTATQDTSLQDGCLIYNVKIRGVNFPSNGPVMQKKTLGWEASTETLYPADGGLEGRADMALKLVGGGHLICNLKTTYRSKKPAKNLKMPGVYYVDRRLERIKEADKETYVEQHEVAVARYCDLPSKLGHR,SP_GPI,far-red
DN0025,AKLGGGGSGGGGSGGGGSMAGHASGSPAFGTADLSNCEREEIHLAGSIQPHGALLVVSEPDHRIIQASANAAEFLNLGSVLGVPLAEIDGDLLIKILPHLDPTAEGMPVAVRCRIGNPSTEYDGLMHRPPEGGLIIELERAGPPIDLSGTLAPALERIRTAGSLRALCDDTALLFQQCTGYDRVMVYRFDEQGHGEVFSERHVPGLESYFGNRYPSSDIPQMARRLYERQRVRVLVDVSYQPVPLEPRLSPLTGRDLDMSGCFLRSMSPIHLQYLKNMGVRATLVVSLVVGGKLWGLVACHHYLPRFMHFELRAICELLAEAIATRITALESFAQSQSELFVQRLEQRMIEAITREGDWRAAIFDTSQSILQPLHAAGCALVYEDQIRTIGDVPSTQDVREIAGWLDRQPRAAVTSTASLGLDVPELAHLTRMASGVVAAPISDHRGEFLMWFRPERVHTVTWGGDPKKPFTMGDTPADLSPRRSFAKWHQVVEGTSDPWTAADLAAARTIGQTVADIVLQFRAVRTLIAREQYEQFSSQVHASMQPVLITDAEGRILLMNDSFRDMLPAGSPSAVHLDDLAGFFVESNDFLRNVAELIDHGRGWRGEVLLRGAGNRPLPLAVRADPVTRTEDQSLGFVLIFSDATDRRTADAARTRFQEGILASARPGVRLDSKSDLLHEKLLSALVENAQLAALEITYGVETGRIAELLEGVRQSMLRTAEVLGHLVQHAARTAGSDSSSNGSQNKKMVSELIKENMHMKLYMEGTVNNHHFKCTSEGEGKPYEGTQTMRIKAVEGGPLPFAFDILATSFMYGSKTFINHTQGIPDFFKQSFPEGFTWERVTTYEDGGVLTATQDTSLQDGCLIYNVKIRGVNFPSNGPVMQKKTLGWEASTETLYPADGGLEGRADMALKLVGGGHLICNLKTTYRSKKPAKNLKMPGVYYVDRRLERIKEADKETYVEQHEVAVARYCDLPSKLGHR,AKLGGGGSGGGGSGGGGSMAGHASGSPAFGTADLSNCEREEIHLAGSIQPHGALLVVSEPDHRIIQASANAAEFLNLGSVLGVPLAEIDGDLLIKILPHLDPTAEGMPVAVRCRIGNPSTEYDGLMHRPPEGGLIIELERAGPPIDLSGTLAPALERIRTAGSLRALCDDTALLFQQCTGYDRVMVYRFDEQGHGEVFSERHVPGLESYFGNRYPSSDIPQMARRLYERQRVRVLVDVSYQPVPLEPRLSPLTGRDLDMSGCFLRSMSPIHLQYLKNMGVRATLVVSLVVGGKLWGLVACHHYLPRFMHFELRAICELLAEAIATRITALESFAQSQSELFVQRLEQRMIEAITREGDWRAAIFDTSQSILQPLHAAGCALVYEDQIRTIGDVPSTQDVREIAGWLDRQPRAAVTSTASLGLDVPELAHLTRMASGVVAAPISDHRGEFLMWFRPERVHTVTWGGDPKKPFTMGDTPADLSPRRSFAKWHQVVEGTSDPWTAADLAAARTIGQTVADIVLQFRAVRTLIAREQYEQFSSQVHASMQPVLITDAEGRILLMNDSFRDMLPAGSPSAVHLDDLAGFFVESNDFLRNVAELIDHGRGWRGEVLLRGAGNRPLPLAVRADPVTRTEDQSLGFVLIFSDATDRRTADAARTRFQEGILASARPGVRLDSKSDLLHEKLLSALVENAQLAALEITYGVETGRIAELLEGVRQSMLRTAEVLGHLVQHAARTAGSDSSSNGSQNKKMVSELIKENMHMKLYMEGTVNNHHFKCTSEGEGKPYEGTQTMRIKAVEGGPLPFAFDILATSFMYGSKTFINHTQGIPDFFKQSFPEGFTWERVTTYEDGGVLTATQDTSLQDGCLIYNVKIRGVNFPSNGPVMQKKTLGWEASTETLYPADGGLEGRADMALKLVGGGHLICNLKTTYRSKKPAKNLKMPGVYYVDRRLERIKEADKETYVEQHEVAVARYCDLPSKLGHR,BphP1,"MAGHASGSPAFGTADLSNCEREEIHLAGSIQPHGALLVVSEPDHRIIQASANAAEFLNLGSVLGVPLAEIDGDLLIKILPHLDPTAEGMPVAVRCRIGNPSTEYDGLMHRPPEGGLIIELERAGPPIDLSGTLAPALERIRTAGSLRALCDDTALLFQQCTGYDRVMVYRFDEQGHGEVFSERHVPGLESYFGNRYPSSDIPQMARRLYERQRVRVLVDVSYQPVPLEPRLSPLTGRDLDMSGCFLRSMSPIHLQYLKNMGVRATLVVSLVVGGKLWGLV
ACHHYLPRFMHFELRAICELLAEAIATRITALESFAQSQSELFVQRLEQRMIEAITREGDWRAAIFDTSQSILQPLHAAGCALVYEDQIRTIGDVPSTQDVREIAGWLDRQPRAAVTSTASLGLDVPELAHLTRMASGVVAAPISDHRGEFLMWFRPERVHTVTWGGDPKKPFTMGDTPADLSPRRSFAKWHQVVEGTSDPWTAADLAAARTIGQTVADIVLQFRAVRTLIAREQYEQFSSQVHASMQPVLITDAEGRILLMNDSFRDMLPAGSPSAVHL
DDLAGFFVESNDFLRNVAELIDHGRGWRGEVLLRGAGNRPLPLAVRADPVTRTEDQSLGFVLIFSDATDRRTADAARTRFQEGILASARPGVRLDSKSDLLHEKLLSALVENAQLAALEITYGVETGRIAELLEGVRQSMLRTAEVLGHLVQHAARTAGSDSSSNGSQNKK",mKate,MVSELIKENMHMKLYMEGTVNNHHFKCTSEGEGKPYEGTQTMRIKAVEGGPLPFAFDILATSFMYGSKTFINHTQGIPDFFKQSFPEGFTWERVTTYEDGGVLTATQDTSLQDGCLIYNVKIRGVNFPSNGPVMQKKTLGWEASTETLYPADGGLEGRADMALKLVGGGHLICNLKTTYRSKKPAKNLKMPGVYYVDRRLERIKEADKETYVEQHEVAVARYCDLPSKLGHR,PTS,far-red
DN0026,"MSRRRHSYENDGGQPHKRRKMAGHASGSPAFGTADLSNCEREEIHLAGSIQPHGALLVVSEPDHRIIQASANAAEFLNLGSVLGVPLAEIDGDLLIKILPHLDPTAEGMPVAVRCRIGNPSTEYDGLMHRPPEGGLIIELERAGPPIDLSGTLAPALERIRTAGSLRALCDDTALLFQQCTGYDRVMVYRFDEQGHGEVFSERHVPGLESYFGNRYPSSDIPQMARRLYERQRVRVLVDVSYQPVPLEPRLSPLTGRDLDMSGCFLRSMSPIHLQYLKNMGVRATLVVSLVVGGKLWGLV
ACHHYLPRFMHFELRAICELLAEAIATRITALESFAQSQSELFVQRLEQRMIEAITREGDWRAAIFDTSQSILQPLHAAGCALVYEDQIRTIGDVPSTQDVREIAGWLDRQPRAAVTSTASLGLDVPELAHLTRMASGVVAAPISDHRGEFLMWFRPERVHTVTWGGDPKKPFTMGDTPADLSPRRSFAKWHQVVEGTSDPWTAADLAAARTIGQTVADIVLQFRAVRTLIAREQYEQFSSQVHASMQPVLITDAEGRILLMNDSFRDMLPAGSPSAVHL
DDLAGFFVESNDFLRNVAELIDHGRGWRGEVLLRGAGNRPLPLAVRADPVTRTEDQSLGFVLIFSDATDRRTADAARTRFQEGILASARPGVRLDSKSDLLHEKLLSALVENAQLAALEITYGVETGRIAELLEGVRQSMLRTAEVLGHLVQHAARTAGSDSSSNGSQNKKMVSELIKENMHMKLYMEGTVNNHHFKCTSEGEGKPYEGTQTMRIKAVEGGPLPFAFDILATSFMYGSKTFINHTQGIPDFFKQSFPEGFTWERVTTYEDGGVLTATQDTSLQDGCLIYNVKIRGVNFPSNGPVMQKKTLGWEASTETLYPADGGLEGRADMALKLVGGGHLICNLKTTYRSKKPAKNLKMPGVYYVDRRLERIKEADKETYVEQHEVAVARYCDLPSKLGHR",MSRRRHSYENDGGQPHKRRK,BphP1,"MAGHASGSPAFGTADLSNCEREEIHLAGSIQPHGALLVVSEPDHRIIQASANAAEFLNLGSVLGVPLAEIDGDLLIKILPHLDPTAEGMPVAVRCRIGNPSTEYDGLMHRPPEGGLIIELERAGPPIDLSGTLAPALERIRTAGSLRALCDDTALLFQQCTGYDRVMVYRFDEQGHGEVFSERHVPGLESYFGNRYPSSDIPQMARRLYERQRVRVLVDVSYQPVPLEPRLSPLTGRDLDMSGCFLRSMSPIHLQYLKNMGVRATLVVSLVVGGKLWGLV
ACHHYLPRFMHFELRAICELLAEAIATRITALESFAQSQSELFVQRLEQRMIEAITREGDWRAAIFDTSQSILQPLHAAGCALVYEDQIRTIGDVPSTQDVREIAGWLDRQPRAAVTSTASLGLDVPELAHLTRMASGVVAAPISDHRGEFLMWFRPERVHTVTWGGDPKKPFTMGDTPADLSPRRSFAKWHQVVEGTSDPWTAADLAAARTIGQTVADIVLQFRAVRTLIAREQYEQFSSQVHASMQPVLITDAEGRILLMNDSFRDMLPAGSPSAVHL
DDLAGFFVESNDFLRNVAELIDHGRGWRGEVLLRGAGNRPLPLAVRADPVTRTEDQSLGFVLIFSDATDRRTADAARTRFQEGILASARPGVRLDSKSDLLHEKLLSALVENAQLAALEITYGVETGRIAELLEGVRQSMLRTAEVLGHLVQHAARTAGSDSSSNGSQNKK",mKate,MVSELIKENMHMKLYMEGTVNNHHFKCTSEGEGKPYEGTQTMRIKAVEGGPLPFAFDILATSFMYGSKTFINHTQGIPDFFKQSFPEGFTWERVTTYEDGGVLTATQDTSLQDGCLIYNVKIRGVNFPSNGPVMQKKTLGWEASTETLYPADGGLEGRADMALKLVGGGHLICNLKTTYRSKKPAKNLKMPGVYYVDRRLERIKEADKETYVEQHEVAVARYCDLPSKLGHR,NLS,far-red
DN0027,LAALNHISALGGGGSGGGGSGGGGSMAGHASGSPAFGTADLSNCEREEIHLAGSIQPHGALLVVSEPDHRIIQASANAAEFLNLGSVLGVPLAEIDGDLLIKILPHLDPTAEGMPVAVRCRIGNPSTEYDGLMHRPPEGGLIIELERAGPPIDLSGTLAPALERIRTAGSLRALCDDTALLFQQCTGYDRVMVYRFDEQGHGEVFSERHVPGLESYFGNRYPSSDIPQMARRLYERQRVRVLVDVSYQPVPLEPRLSPLTGRDLDMSGCFLRSMSPIHLQYLKNMGVRATLVVSLVVGGKLWGLVACHHYLPRFMHFELRAICELLAEAIATRITALESFAQSQSELFVQRLEQRMIEAITREGDWRAAIFDTSQSILQPLHAAGCALVYEDQIRTIGDVPSTQDVREIAGWLDRQPRAAVTSTASLGLDVPELAHLTRMASGVVAAPISDHRGEFLMWFRPERVHTVTWGGDPKKPFTMGDTPADLSPRRSFAKWHQVVEGTSDPWTAADLAAARTIGQTVADIVLQFRAVRTLIAREQYEQFSSQVHASMQPVLITDAEGRILLMNDSFRDMLPAGSPSAVHLDDLAGFFVESNDFLRNVAELIDHGRGWRGEVLLRGAGNRPLPLAVRADPVTRTEDQSLGFVLIFSDATDRRTADAARTRFQEGILASARPGVRLDSKSDLLHEKLLSALVENAQLAALEITYGVETGRIAELLEGVRQSMLRTAEVLGHLVQHAARTAGSDSSSNGSQNKKMVSELIKENMHMKLYMEGTVNNHHFKCTSEGEGKPYEGTQTMRIKAVEGGPLPFAFDILATSFMYGSKTFINHTQGIPDFFKQSFPEGFTWERVTTYEDGGVLTATQDTSLQDGCLIYNVKIRGVNFPSNGPVMQKKTLGWEASTETLYPADGGLEGRADMALKLVGGGHLICNLKTTYRSKKPAKNLKMPGVYYVDRRLERIKEADKETYVEQHEVAVARYCDLPSKLGHR,LAALNHISALGGGGSGGGGSGGGGSMAGHASGSPAFGTADLSNCEREEIHLAGSIQPHGALLVVSEPDHRIIQASANAAEFLNLGSVLGVPLAEIDGDLLIKILPHLDPTAEGMPVAVRCRIGNPSTEYDGLMHRPPEGGLIIELERAGPPIDLSGTLAPALERIRTAGSLRALCDDTALLFQQCTGYDRVMVYRFDEQGHGEVFSERHVPGLESYFGNRYPSSDIPQMARRLYERQRVRVLVDVSYQPVPLEPRLSPLTGRDLDMSGCFLRSMSPIHLQYLKNMGVRATLVVSLVVGGKLWGLVACHHYLPRFMHFELRAICELLAEAIATRITALESFAQSQSELFVQRLEQRMIEAITREGDWRAAIFDTSQSILQPLHAAGCALVYEDQIRTIGDVPSTQDVREIAGWLDRQPRAAVTSTASLGLDVPELAHLTRMASGVVAAPISDHRGEFLMWFRPERVHTVTWGGDPKKPFTMGDTPADLSPRRSFAKWHQVVEGTSDPWTAADLAAARTIGQTVADIVLQFRAVRTLIAREQYEQFSSQVHASMQPVLITDAEGRILLMNDSFRDMLPAGSPSAVHLDDLAGFFVESNDFLRNVAELIDHGRGWRGEVLLRGAGNRPLPLAVRADPVTRTEDQSLGFVLIFSDATDRRTADAARTRFQEGILASARPGVRLDSKSDLLHEKLLSALVENAQLAALEITYGVETGRIAELLEGVRQSMLRTAEVLGHLVQHAARTAGSDSSSNGSQNKKMVSELIKENMHMKLYMEGTVNNHHFKCTSEGEGKPYEGTQTMRIKAVEGGPLPFAFDILATSFMYGSKTFINHTQGIPDFFKQSFPEGFTWERVTTYEDGGVLTATQDTSLQDGCLIYNVKIRGVNFPSNGPVMQKKTLGWEASTETLYPADGGLEGRADMALKLVGGGHLICNLKTTYRSKKPAKNLKMPGVYYVDRRLERIKEADKETYVEQHEVAVARYCDLPSKLGHR,BphP1,"MAGHASGSPAFGTADLSNCEREEIHLAGSIQPHGALLVVSEPDHRIIQASANAAEFLNLGSVLGVPLAEIDGDLLIKILPHLDPTAEGMPVAVRCRIGNPSTEYDGLMHRPPEGGLIIELERAGPPIDLSGTLAPALERIRTAGSLRALCDDTALLFQQCTGYDRVMVYRFDEQGHGEVFSERHVPGLESYFGNRYPSSDIPQMARRLYERQRVRVLVDVSYQPVPLEPRLSPLTGRDLDMSGCFLRSMSPIHLQYLKNMGVRATLVVSLVVGGKLWGLV
ACHHYLPRFMHFELRAICELLAEAIATRITALESFAQSQSELFVQRLEQRMIEAITREGDWRAAIFDTSQSILQPLHAAGCALVYEDQIRTIGDVPSTQDVREIAGWLDRQPRAAVTSTASLGLDVPELAHLTRMASGVVAAPISDHRGEFLMWFRPERVHTVTWGGDPKKPFTMGDTPADLSPRRSFAKWHQVVEGTSDPWTAADLAAARTIGQTVADIVLQFRAVRTLIAREQYEQFSSQVHASMQPVLITDAEGRILLMNDSFRDMLPAGSPSAVHL
DDLAGFFVESNDFLRNVAELIDHGRGWRGEVLLRGAGNRPLPLAVRADPVTRTEDQSLGFVLIFSDATDRRTADAARTRFQEGILASARPGVRLDSKSDLLHEKLLSALVENAQLAALEITYGVETGRIAELLEGVRQSMLRTAEVLGHLVQHAARTAGSDSSSNGSQNKK",mKate,MVSELIKENMHMKLYMEGTVNNHHFKCTSEGEGKPYEGTQTMRIKAVEGGPLPFAFDILATSFMYGSKTFINHTQGIPDFFKQSFPEGFTWERVTTYEDGGVLTATQDTSLQDGCLIYNVKIRGVNFPSNGPVMQKKTLGWEASTETLYPADGGLEGRADMALKLVGGGHLICNLKTTYRSKKPAKNLKMPGVYYVDRRLERIKEADKETYVEQHEVAVARYCDLPSKLGHR,NES,far-red
DN0028,"MGTITVVINEGPILLIRALHRATTNKKMFRSTVWRRFMAGHASGSPAFGTADLSNCEREEIHLAGSIQPHGALLVVSEPDHRIIQASANAAEFLNLGSVLGVPLAEIDGDLLIKILPHLDPTAEGMPVAVRCRIGNPSTEYDGLMHRPPEGGLIIELERAGPPIDLSGTLAPALERIRTAGSLRALCDDTALLFQQCTGYDRVMVYRFDEQGHGEVFSERHVPGLESYFGNRYPSSDIPQMARRLYERQRVRVLVDVSYQPVPLEPRLSPLTGRDLDMSGCFLRSMSPIHLQYLKNMGVRATLVVSLVVGGKLWGLV
ACHHYLPRFMHFELRAICELLAEAIATRITALESFAQSQSELFVQRLEQRMIEAITREGDWRAAIFDTSQSILQPLHAAGCALVYEDQIRTIGDVPSTQDVREIAGWLDRQPRAAVTSTASLGLDVPELAHLTRMASGVVAAPISDHRGEFLMWFRPERVHTVTWGGDPKKPFTMGDTPADLSPRRSFAKWHQVVEGTSDPWTAADLAAARTIGQTVADIVLQFRAVRTLIAREQYEQFSSQVHASMQPVLITDAEGRILLMNDSFRDMLPAGSPSAVHL
DDLAGFFVESNDFLRNVAELIDHGRGWRGEVLLRGAGNRPLPLAVRADPVTRTEDQSLGFVLIFSDATDRRTADAARTRFQEGILASARPGVRLDSKSDLLHEKLLSALVENAQLAALEITYGVETGRIAELLEGVRQSMLRTAEVLGHLVQHAARTAGSDSSSNGSQNKKMVSELIKENMHMKLYMEGTVNNHHFKCTSEGEGKPYEGTQTMRIKAVEGGPLPFAFDILATSFMYGSKTFINHTQGIPDFFKQSFPEGFTWERVTTYEDGGVLTATQDTSLQDGCLIYNVKIRGVNFPSNGPVMQKKTLGWEASTETLYPADGGLEGRADMALKLVGGGHLICNLKTTYRSKKPAKNLKMPGVYYVDRRLERIKEADKETYVEQHEVAVARYCDLPSKLGHR",MGTITVVINEGPILLIRALHRATTNKKMFRSTVWRRF,BphP1,"MAGHASGSPAFGTADLSNCEREEIHLAGSIQPHGALLVVSEPDHRIIQASANAAEFLNLGSVLGVPLAEIDGDLLIKILPHLDPTAEGMPVAVRCRIGNPSTEYDGLMHRPPEGGLIIELERAGPPIDLSGTLAPALERIRTAGSLRALCDDTALLFQQCTGYDRVMVYRFDEQGHGEVFSERHVPGLESYFGNRYPSSDIPQMARRLYERQRVRVLVDVSYQPVPLEPRLSPLTGRDLDMSGCFLRSMSPIHLQYLKNMGVRATLVVSLVVGGKLWGLV
ACHHYLPRFMHFELRAICELLAEAIATRITALESFAQSQSELFVQRLEQRMIEAITREGDWRAAIFDTSQSILQPLHAAGCALVYEDQIRTIGDVPSTQDVREIAGWLDRQPRAAVTSTASLGLDVPELAHLTRMASGVVAAPISDHRGEFLMWFRPERVHTVTWGGDPKKPFTMGDTPADLSPRRSFAKWHQVVEGTSDPWTAADLAAARTIGQTVADIVLQFRAVRTLIAREQYEQFSSQVHASMQPVLITDAEGRILLMNDSFRDMLPAGSPSAVHL
DDLAGFFVESNDFLRNVAELIDHGRGWRGEVLLRGAGNRPLPLAVRADPVTRTEDQSLGFVLIFSDATDRRTADAARTRFQEGILASARPGVRLDSKSDLLHEKLLSALVENAQLAALEITYGVETGRIAELLEGVRQSMLRTAEVLGHLVQHAARTAGSDSSSNGSQNKK",mKate,MVSELIKENMHMKLYMEGTVNNHHFKCTSEGEGKPYEGTQTMRIKAVEGGPLPFAFDILATSFMYGSKTFINHTQGIPDFFKQSFPEGFTWERVTTYEDGGVLTATQDTSLQDGCLIYNVKIRGVNFPSNGPVMQKKTLGWEASTETLYPADGGLEGRADMALKLVGGGHLICNLKTTYRSKKPAKNLKMPGVYYVDRRLERIKEADKETYVEQHEVAVARYCDLPSKLGHR,MT,far-red
DN0029,"GSSATNAISLTADSNAVSRNSSASTMSTSYTSGSGSSNSSGSSSNSSSKSSSGASSYNLNMVITFLSVVIGGTAVLFIMAGHASGSPAFGTADLSNCEREEIHLAGSIQPHGALLVVSEPDHRIIQASANAAEFLNLGSVLGVPLAEIDGDLLIKILPHLDPTAEGMPVAVRCRIGNPSTEYDGLMHRPPEGGLIIELERAGPPIDLSGTLAPALERIRTAGSLRALCDDTALLFQQCTGYDRVMVYRFDEQGHGEVFSERHVPGLESYFGNRYPSSDIPQMARRLYERQRVRVLVDVSYQPVPLEPRLSPLTGRDLDMSGCFLRSMSPIHLQYLKNMGVRATLVVSLVVGGKLWGLV
ACHHYLPRFMHFELRAICELLAEAIATRITALESFAQSQSELFVQRLEQRMIEAITREGDWRAAIFDTSQSILQPLHAAGCALVYEDQIRTIGDVPSTQDVREIAGWLDRQPRAAVTSTASLGLDVPELAHLTRMASGVVAAPISDHRGEFLMWFRPERVHTVTWGGDPKKPFTMGDTPADLSPRRSFAKWHQVVEGTSDPWTAADLAAARTIGQTVADIVLQFRAVRTLIAREQYEQFSSQVHASMQPVLITDAEGRILLMNDSFRDMLPAGSPSAVHL
DDLAGFFVESNDFLRNVAELIDHGRGWRGEVLLRGAGNRPLPLAVRADPVTRTEDQSLGFVLIFSDATDRRTADAARTRFQEGILASARPGVRLDSKSDLLHEKLLSALVENAQLAALEITYGVETGRIAELLEGVRQSMLRTAEVLGHLVQHAARTAGSDSSSNGSQNKKMVSELIKENMHMKLYMEGTVNNHHFKCTSEGEGKPYEGTQTMRIKAVEGGPLPFAFDILATSFMYGSKTFINHTQGIPDFFKQSFPEGFTWERVTTYEDGGVLTATQDTSLQDGCLIYNVKIRGVNFPSNGPVMQKKTLGWEASTETLYPADGGLEGRADMALKLVGGGHLICNLKTTYRSKKPAKNLKMPGVYYVDRRLERIKEADKETYVEQHEVAVARYCDLPSKLGHR",GSSATNAISLTADSNAVSRNSSASTMSTSYTSGSGSSNSSGSSSNSSSKSSSGASSYNLNMVITFLSVVIGGTAVLFI,BphP1,"MAGHASGSPAFGTADLSNCEREEIHLAGSIQPHGALLVVSEPDHRIIQASANAAEFLNLGSVLGVPLAEIDGDLLIKILPHLDPTAEGMPVAVRCRIGNPSTEYDGLMHRPPEGGLIIELERAGPPIDLSGTLAPALERIRTAGSLRALCDDTALLFQQCTGYDRVMVYRFDEQGHGEVFSERHVPGLESYFGNRYPSSDIPQMARRLYERQRVRVLVDVSYQPVPLEPRLSPLTGRDLDMSGCFLRSMSPIHLQYLKNMGVRATLVVSLVVGGKLWGLV
ACHHYLPRFMHFELRAICELLAEAIATRITALESFAQSQSELFVQRLEQRMIEAITREGDWRAAIFDTSQSILQPLHAAGCALVYEDQIRTIGDVPSTQDVREIAGWLDRQPRAAVTSTASLGLDVPELAHLTRMASGVVAAPISDHRGEFLMWFRPERVHTVTWGGDPKKPFTMGDTPADLSPRRSFAKWHQVVEGTSDPWTAADLAAARTIGQTVADIVLQFRAVRTLIAREQYEQFSSQVHASMQPVLITDAEGRILLMNDSFRDMLPAGSPSAVHL
DDLAGFFVESNDFLRNVAELIDHGRGWRGEVLLRGAGNRPLPLAVRADPVTRTEDQSLGFVLIFSDATDRRTADAARTRFQEGILASARPGVRLDSKSDLLHEKLLSALVENAQLAALEITYGVETGRIAELLEGVRQSMLRTAEVLGHLVQHAARTAGSDSSSNGSQNKK",mKate,MVSELIKENMHMKLYMEGTVNNHHFKCTSEGEGKPYEGTQTMRIKAVEGGPLPFAFDILATSFMYGSKTFINHTQGIPDFFKQSFPEGFTWERVTTYEDGGVLTATQDTSLQDGCLIYNVKIRGVNFPSNGPVMQKKTLGWEASTETLYPADGGLEGRADMALKLVGGGHLICNLKTTYRSKKPAKNLKMPGVYYVDRRLERIKEADKETYVEQHEVAVARYCDLPSKLGHR,GPI,far-red
DN0030,"TTKLMNGTSWIEALMEKPFMAGHASGSPAFGTADLSNCEREEIHLAGSIQPHGALLVVSEPDHRIIQASANAAEFLNLGSVLGVPLAEIDGDLLIKILPHLDPTAEGMPVAVRCRIGNPSTEYDGLMHRPPEGGLIIELERAGPPIDLSGTLAPALERIRTAGSLRALCDDTALLFQQCTGYDRVMVYRFDEQGHGEVFSERHVPGLESYFGNRYPSSDIPQMARRLYERQRVRVLVDVSYQPVPLEPRLSPLTGRDLDMSGCFLRSMSPIHLQYLKNMGVRATLVVSLVVGGKLWGLV
ACHHYLPRFMHFELRAICELLAEAIATRITALESFAQSQSELFVQRLEQRMIEAITREGDWRAAIFDTSQSILQPLHAAGCALVYEDQIRTIGDVPSTQDVREIAGWLDRQPRAAVTSTASLGLDVPELAHLTRMASGVVAAPISDHRGEFLMWFRPERVHTVTWGGDPKKPFTMGDTPADLSPRRSFAKWHQVVEGTSDPWTAADLAAARTIGQTVADIVLQFRAVRTLIAREQYEQFSSQVHASMQPVLITDAEGRILLMNDSFRDMLPAGSPSAVHL
DDLAGFFVESNDFLRNVAELIDHGRGWRGEVLLRGAGNRPLPLAVRADPVTRTEDQSLGFVLIFSDATDRRTADAARTRFQEGILASARPGVRLDSKSDLLHEKLLSALVENAQLAALEITYGVETGRIAELLEGVRQSMLRTAEVLGHLVQHAARTAGSDSSSNGSQNKKMVSELIKENMHMKLYMEGTVNNHHFKCTSEGEGKPYEGTQTMRIKAVEGGPLPFAFDILATSFMYGSKTFINHTQGIPDFFKQSFPEGFTWERVTTYEDGGVLTATQDTSLQDGCLIYNVKIRGVNFPSNGPVMQKKTLGWEASTETLYPADGGLEGRADMALKLVGGGHLICNLKTTYRSKKPAKNLKMPGVYYVDRRLERIKEADKETYVEQHEVAVARYCDLPSKLGHR",TTKLMNGTSWIEALMEKPF,BphP1,"MAGHASGSPAFGTADLSNCEREEIHLAGSIQPHGALLVVSEPDHRIIQASANAAEFLNLGSVLGVPLAEIDGDLLIKILPHLDPTAEGMPVAVRCRIGNPSTEYDGLMHRPPEGGLIIELERAGPPIDLSGTLAPALERIRTAGSLRALCDDTALLFQQCTGYDRVMVYRFDEQGHGEVFSERHVPGLESYFGNRYPSSDIPQMARRLYERQRVRVLVDVSYQPVPLEPRLSPLTGRDLDMSGCFLRSMSPIHLQYLKNMGVRATLVVSLVVGGKLWGLV
ACHHYLPRFMHFELRAICELLAEAIATRITALESFAQSQSELFVQRLEQRMIEAITREGDWRAAIFDTSQSILQPLHAAGCALVYEDQIRTIGDVPSTQDVREIAGWLDRQPRAAVTSTASLGLDVPELAHLTRMASGVVAAPISDHRGEFLMWFRPERVHTVTWGGDPKKPFTMGDTPADLSPRRSFAKWHQVVEGTSDPWTAADLAAARTIGQTVADIVLQFRAVRTLIAREQYEQFSSQVHASMQPVLITDAEGRILLMNDSFRDMLPAGSPSAVHL
DDLAGFFVESNDFLRNVAELIDHGRGWRGEVLLRGAGNRPLPLAVRADPVTRTEDQSLGFVLIFSDATDRRTADAARTRFQEGILASARPGVRLDSKSDLLHEKLLSALVENAQLAALEITYGVETGRIAELLEGVRQSMLRTAEVLGHLVQHAARTAGSDSSSNGSQNKK",mKate,MVSELIKENMHMKLYMEGTVNNHHFKCTSEGEGKPYEGTQTMRIKAVEGGPLPFAFDILATSFMYGSKTFINHTQGIPDFFKQSFPEGFTWERVTTYEDGGVLTATQDTSLQDGCLIYNVKIRGVNFPSNGPVMQKKTLGWEASTETLYPADGGLEGRADMALKLVGGGHLICNLKTTYRSKKPAKNLKMPGVYYVDRRLERIKEADKETYVEQHEVAVARYCDLPSKLGHR,LYS,far-red
